,,,,,,,,,,,,DIPUTADO POR Madrid,MESA.PRESIDENTE,MESA.VICEPRESIDENTE,MESA.SECRETARIO,GRUPO.PORTAVOZ,GRUPO.PORTAVOZ_ADJUNTO,COMISIÓN.PRESIDENTE,COMISIÓN.VICEPRESIDENTE,COMISIÓN.SECRETARIO,COMISIÓN.PORTAVOZ,COMISIÓN.PORTAVOZ_ADJUNTO,NOTAS
NOMBRE,ASIGNACIÓN,COMPLEMENTO,GASTO DE REPRESENTACIÓN,GASTO DE LIBRE DISPOSICIÓN,PORTAVOCES (PORTAVOCES+ADJUNTOS),COMISIONES,INDEMNIZACIÓN,TOTAL MES,TOTAL AÑO,PROVINCIA,SEXO,Madrid,MP,MV,MS,GPO,GPA,CP,CV,CS,CPO,CPA,
"Abad Pérez, Juan Antonio  (GP)",2813.87,0,0,0,0,0,1823.86,4637.73,64928.22,La Rioja,M,,,,,,,,,x,,,
"Ábalos Meco, José Luis  (GS)",2813.87,0,0,0,0,1046.48,1823.86,5684.21,79578.94,Valencia,M,,,,,,x,,,x,,,Portavoz sustituto Junta Portavoces / Secretario Segundo Comisión
"Agirretxea Urresti, Joseba Andoni  (GV (EAJ-PNV))",2813.87,0,0,0,0,1046.48,1823.86,5684.21,79578.94,Gipuzkoa,M,,,,,,,,,,x,,
"Aguiar Rodríguez, Ernesto  (GP)",2813.87,0,0,0,0,697.65,1823.86,5335.38,74695.32,Santa Cruz de Tenerife,M,,,,,,,,,,x,,
"Aguilar Rivero, Rosa  (GS)",2813.87,0,0,0,0,1046.48,1823.86,5684.21,79578.94,Córdoba,F,,,,,,,,,,x,,
"Albendea Pabón, Juan Manuel  (GP)",2813.87,0,0,0,0,1431.31,1823.86,6069.04,84966.56,Sevilla,M,,,,,,,x,,,,,
"Alberto Pérez, Celia  (GP)",2813.87,0,0,0,0,697.65,1823.86,5335.38,74695.32,Las Palmas,F,,,,,,,,,,,x,
"Alegría Continente, María Pilar  (GS)",2813.87,0,0,0,0,1046.48,1823.86,5684.21,79578.94,Zaragoza,F,,,,,,,,x,,,,
"Alonso Aranegui, Alfonso  (GP)",2813.87,0,0,0,2667.5,0,1823.86,7305.23,102273.22,Álava,M,,,,,x,,,,,,,
"Alonso Núñez, Alejandro  (GS)",2813.87,0,0,0,0,1046.48,1823.86,5684.21,79578.94,Toledo,M,,,,,,,,,,x,,
"Alonso Ruiz, José María  (GP)",2813.87,0,0,0,0,0,1823.86,4637.73,64928.22,Cantabria,F,,,,,,,,,x,,,
"Álvarez Álvarez, Ángeles  (GS)",2813.87,0,0,0,0,1046.48,870.56,4730.91,66232.74,Madrid,F,x,,,,,,,,,x,,
"Álvarez de Toledo Peralta Ramos, Cayetana  (GP)",2813.87,0,0,0,0,1046.48,870.56,4730.91,66232.74,Madrid,F,x,,,,,,,x,,,,
"Álvarez Sostres, Enrique  (GMx)",2813.87,0,0,0,0,1046.48,1823.86,5684.21,79578.94,Asturias,M,,,,,,,,,,x,x,
"Álvarez-Arenas Cisneros, María del Carmen  (GP)",2813.87,0,0,0,0,1046.48,870.56,4730.91,66232.74,Madrid,F,x,,,,,,,,,x,,
"Anchuelo Crego, Álvaro  (GUPyD)",2813.87,0,0,0,0,1046.48,870.56,4730.91,66232.74,Madrid,M,x,,,,,,,,,x,,
"Angulo Romero, María Teresa  (GP)",2813.87,0,0,0,0,1046.48,1823.86,5684.21,79578.94,Badajoz,F,,,,,,,,x,,,,
"Aragonés Mendiguchía, Carlos  (GP)",2813.87,0,0,0,0,1431.31,870.56,5115.74,71620.36,Madrid,M,x,,,,,,x,,,,,
"Araújo Gil, Rogelio  (GP)",2813.87,0,0,0,0,697.65,1823.86,5335.38,74695.32,Illes Balears,M,,,,,,,,,x,,,
"Ares Martínez-Fortún, María de la O  (GP)",2813.87,0,0,0,0,697.65,1823.86,5335.38,74695.32,Illes Balears ,F,,,,,,,,,x,,,
"Ariztegui Larrañaga, Maite  (GMx)",2813.87,0,0,0,0,1046.48,1823.86,5684.21,79578.94,Gipuzkoa,F,,,,,,,,,,x,x,
"Asian González, Matilde Pastora  (GP)",2813.87,0,0,0,0,2667.5,1823.86,7305.23,102273.22,Las Palmas,F,,,,,,x,,,,,,Portavoz Sustituto de la Junta de Portavoces
"Ayala Sánchez, Andrés José  (GP)",2813.87,,,,,1046.48,1823.86,5684.21,79578.94,Murcia,M,,,,,,,,,,x,,
"Ayllón Manso, José Luis  (GP)",2813.87,0,0,0,0,0,1823.86,4637.73,64928.22,Barcelona,M,,,,,,,,,,,,
"Azpiazu Uriarte, Pedro María  (GV (EAJ-PNV))",2813.87,0,0,0,0,1046.48,1823.86,5684.21,79578.94,Bizkaia,M,,,,,,x,,,,x,,Portavoz Sustituto de la Junta de Portavoces
"Azpiroz Villar, José Eugenio  (GP)",2813.87,0,0,0,0,1431.31,1823.86,6069.04,84966.56,Gipuzkoa,M,,,,,,,x,,,,,
B,,,,,,,,,0,,,,,,,,,,,,,,
"Baena Azuaga, María del Mar  (GP)",2813.87,0,0,0,0,0,1823.86,4637.73,64928.22,Málaga,F,,,,,,,,,,,x,
"Bajo Prieto, María Luz  (GP)",2813.87,0,0,0,0,0,870.56,3684.43,51582.02,Madrid,F,x,,,,,,,,,x,,
"Baldoví Roda, Joan  (GMx)",2813.87,0,0,0,0,1046.48,1823.86,5684.21,79578.94,Valencia,M,,,,,,,,,,x,x,
"Barberà i Montserrat, Martí  (GC-CiU)",2813.87,0,0,0,0,1046.48,1823.86,5684.21,79578.94,Tarragona,M,,,,,,,,,,x,,
"Barkos Berruezo, Uxue  (GMx)",2813.87,0,0,0,0,1046.48,1823.86,5684.21,79578.94,Navarra,F,,,,,x,,,,,x,x,
"Barreda de los Ríos, Leopoldo  (GP)",2813.87,0,0,0,2667.4,0,1823.86,7305.13,102271.82,Bizkaia,M,,,,,,x,,,,,,Portavoz Sustituto de la Junta de Portavoces
"Barreda Fontes, José María  (GS)",2813.87,0,0,0,0,1431.31,1823.86,6069.04,84966.56,Ciudad Real,M,,,,,,,x,,,,,
"Barreiro Álvarez, Pilar  (GP)",2813.87,0,0,0,0,1046.48,1823.86,5684.21,79578.94,Murcia,F,,,,,,,,x,,,,
"Barrero López, Jaime Javier  (GS)",2813.87,1209.6,1010.83,707.1,0,1046.48,1823.86,8611.74,120564.36,Huelva,M,,,x,,,,,x,,,,
"Batet Lamaña, Meritxell  (GS)",2813.87,0,0,0,0,1046.48,1823.86,5684.21,79578.94,Barcelona,F,,,,,,,,,,x,,
"Bedera Bravo, Mario  (GS)",2813.87,0,0,0,0,1046.48,1823.86,5684.21,79578.94,Valladolid,M,,,,,,,,,,x,,
"Benegas Haddad, José María  (GS)",2813.87,0,0,0,0,1046.48,1823.86,5684.21,79578.94,Bizkaia,M,,,,,,,,x,,,,
"Beneyto Pérez, José María  (GP)",2813.87,0,0,0,0,1046.48,1823.86,5684.21,79578.94,Cuenca,M,,,,,,,,,,x,,
"Bermúdez de Castro Fernández, José Antonio  (GP)",2813.87,0,0,0,2667.4,0,1823.86,7305.13,102271.82,Salamanca,M,,,,,,x,,,,,,Portavoz Sustituto de la Junta de Portavoces
"Bertomeu Bertomeu, Juan  (GP)",2813.87,0,0,0,2087.07,0,1823.86,6724.8,94147.2,Tarragona,M,,,,,,,,,,,x,
"Blanco Terán, Rosa Delia  (GS)",2813.87,0,0,0,0,1046.48,870.56,4730.91,66232.74,Madrid,F,x,,,,,,,x,,,,
"Blanquer Alcaraz, Patricia  (GS)",2813.87,0,0,0,0,1046.48,1823.86,5684.21,79578.94,Alicante,F,,,,,,,,,,x,,
"Blasco Soto, Miriam Guadalupe  (GP)",2813.87,0,0,0,0,697.65,1823.86,5335.38,74695.32,Alicante,F,,,,,,,,,,x,,
"Bolarín Sánchez, María Dolores  (GP)",2813.87,0,0,0,0,697.65,1823.86,5335.38,74695.32,Murcia,F,,,,,,,,,,,x,
"Bonilla Domínguez, María Jesús  (GP)",2813.87,0,0,0,0,1046.48,1823.86,5684.21,79578.94,Cuenca,F,,,,,,,,x,,,,
"Bosch i Pascual, Alfred  (GMx)",2813.87,0,0,0,2667.4,0,1823.86,7305.13,102271.82,Barcelona,M,,,,,,,,,,x,,
"Bravo Ibáñez, Mª Concepción  (GP)",2813.87,0,0,0,0,1046.48,1823.86,5684.21,79578.94,La Rioja,F,,,,,,,,,,x,,
"Buyolo García, Federico  (GS)",2813.87,0,0,0,0,697.65,1823.86,5335.38,74695.32,Alicante,M,,,,,,,,,,,x,
C,,,,,,,,,0,,,,,,,,,,,,,,
"Cabello de Alba Hernández, Federico  (GP)",2813.87,,,,,697.65,1823.86,5335.38,74695.32,Córdoba,M,,,,,,,,,x,,,
"Cabrera García, Francisco Domingo  (GP)",2813.87,,,,,1046.48,1823.86,5684.21,79578.94,Las Palmas,M,,,,,,,,,,,x,
"Caicedo Bernabé, Jesús  (GP)",2813.87,,,,,1046.48,1823.86,5684.21,79578.94,Almería,M,,,,,,,,x,,,,
"Caldera Sánchez-Capitán, Jesús  (GS)",2813.87,,,,,1046.48,1823.86,5684.21,79578.94,Salamanca,M,,,,,,,,x,,,,
"Campos Arteseros, Herick Manuel  (GS)",2813.87,,,,,1046.48,1823.86,5684.21,79578.94,Alicante,M,,,,,,,,,,,x,
"Camps Devesa, Gerardo  (GP)",2813.87,,,,,1431.31,1823.86,6069.04,84966.56,Alicante,M,,,,,,,x,,,,,
"Campuzano i Canadés, Carles  (GC-CiU)",2813.87,,,,,1046.48,1823.86,5684.21,79578.94,Barcelona,M,,,,,,,,,,x,x,
"Candón Adán, Alfonso  (GP)",2813.87,,,,,1046.48,1823.86,5684.21,79578.94,Cádiz,M,,,,,,,,,,,x,
"Canongia Gerona, Joan  (GS)",2813.87,,,,,1046.48,1823.86,5684.21,79578.94,Barcelona,M,,,,,,,,,x,,,
"Cantó García del Moral, Antonio  (GUPyD)",2813.87,,,,,1046.48,1823.86,5684.21,79578.94,Valencia,M,,,,,,,,,,x,,
"Carcedo Roces, María Luisa  (GS)",2813.87,,,,,1046.48,1823.86,5684.21,79578.94,Asturias,F,,,,,,,,,,x,,
"Carreño Fernández, María Ascensión  (GP)",2813.87,,,,,1046.48,1823.86,5684.21,79578.94,Murcia,F,,,,,,,,,,,x,
"Casado Blanco, Pablo  (GP)",2813.87,,,,,1046.48,1823.86,5684.21,79578.94,Ávila,M,,,,,,,,,,x,,
"Castellano Ramón, Helena  (GS)",2813.87,,,,,697.65,1823.86,5335.38,74695.32,León,F,,,,,,,,,x,,,
"Castillo Calvín, José Miguel  (GP)",2813.87,,,,,1046.48,1823.86,5684.21,79578.94,Granada,M,,,,,,,,,,x,,
"Cediel Martínez, María Virtudes  (GS)",2813.87,,,,,0,870.56,3684.43,51582.02,Madrid,F,x,,,,,,,,,,x,
"Centella Gómez, José Luis  (GIP)",2813.87,,1741.19,926.31,2667.5,1046.48,1823.86,11019.21,154268.94,Sevilla,M,,,,,,x,,,,x,x,Portavoz Sustituto de la Junta de Portavoces
"Chaves González, Manuel María  (GS)",2813.87,,,,,1431.31,1823.86,6069.04,84966.56,Cádiz,M,,,,,,,x,,,,,
"Cid Muñoz, Margarita del Carmen del  (GP)",2813.87,,,,,1046.48,1823.86,5684.21,79578.94,Málaga,F,,,,,,,,,,,,
"Císcar Casabán, Ciprià  (GS)",2813.87,,,,,1046.48,1823.86,5684.21,79578.94,Valencia,M,,,,,,,,,,x,,
"Ciuró i Buldó, Lourdes  (GC-CiU)",2813.87,,,,,1046.48,1823.86,5684.21,79578.94,Barcelona,F,,,,,,,,,,x,x,
"Cobaleda Hernández, María Teresa  (GP)",2813.87,,,,,1046.48,1823.86,5684.21,79578.94,Salamanca,F,,,,,,,,,,,x,
"Cobos Trallero, Sara  (GP)",2813.87,,,,,697.65,1823.86,5335.38,74695.32,Zaragoza,F,,,,,,,,,x,,,
"Collarte Rodríguez, Guillermo  (GP)",2813.87,,,,,1046.48,1823.86,5684.21,79578.94,Ourense,M,,,,,,,,,,,x,
"Conde Bajén, Agustín  (GP)",2813.87,,,,,1431.31,1823.86,6069.04,84966.56,Toledo,M,,,,,,,x,,,,,
"Conde Martínez, Gema  (GP)",2813.87,,,,,697.65,1823.86,5335.38,74695.32,Burgos,F,,,,,,,,,x,,,
"Corcuera Plaza, Juan Carlos  (GS)",2813.87,,,,,1046.48,1823.86,5684.21,79578.94,Barcelona,M,,,,,,,,,x,x,,
"Cortés Bureta, Pilar  (GP)",2813.87,,,,,1046.48,1823.86,5684.21,79578.94,Zaragoza,F,,,,,,,,,,,x,
"Cortés Martín, Miguel Ángel  (GP)",2813.87,,,,,1431.31,1823.86,6069.04,84966.56,Valladolid,M,,,,,,,x,,,,,
"Cortizo Nieto, Miguel Ángel  (GS)",2813.87,,,,,0,1823.86,4637.73,64928.22,A Coruña,M,,,,,,,,x,,,,
"Coscubiela Conesa, Joan  (GIP)",2813.87,,1741.19,926.31,2667.5,1046.48,1823.86,11019.21,154268.94,Barcelona,M,,,,,,x,,,,x,x,Portavoz Sustituto de la Junta de Portavoces
"Costa Palacios, María Angelina  (GS)",2813.87,,,,,1046.48,1823.86,5684.21,79578.94,Córdoba,F,,,,,,,,,,x,,
"Cuadra Lasarte, Sabino  (GMx)",2813.87,,,,,1046.48,1823.86,5684.21,79578.94,Navarra,M,,,,,,,,,,x,x,
"Cunillera Mestres, Teresa  (GS)",2813.87,944.49,818.46,677.35,,697.65,1823.86,7775.68,108859.52,Lleida,F,,,,x,,,,,x,,,
D,,,,,,,,,0,,,,,,,,,,,,,,
"De las Heras Ladera, Ascensión  (GIP)",2813.87,,,,,1046.48,870.56,4730.91,66232.74,Madrid,F,x,,,,,,,,,x,x,
"Delgado Arce, Celso Luis  (GP)",2813.87,,,,,1431.31,1823.86,6069.04,84966.56,Ourense,M,,,,,,,x,,,,,
"Díez González, Rosa María  (GUPyD)",2813.87,,,,2667.5,1046.48,870.56,7398.41,103577.74,Madrid,F,x,,,,x,,,,,x,,
"Duran i Lleida, Josep Antoni  (GC-CiU)",2813.87,,,,2667.5,1431.31,1823.86,8736.54,122311.56,Barcelona,M,,,,,x,,x,,,,,
"Durán Ramos, Eva  (GP)",2813.87,,,,,1046.48,870.56,4730.91,66232.74,Madrid,F,x,,,,,,,x,,,,
E,,,,,,,,,0,,,,,,,,,,,,,,
"Echávarri Fernández, Gabriel  (GS)",2813.87,,,,,1046.48,1823.86,5684.21,79578.94,Alicante,M,,,,,,,,x,x,,,
"Elorriaga Pisarik, Gabriel  (GP)",2813.87,,,,,1431.31,870.56,5115.74,71620.36,Madrid,M,x,,,,,,x,,,,,
"Elorza González, Odón  (GS)",2813.87,,,,,1046.48,1823.86,5684.21,79578.94,Gipuzkoa,M,,,,,,,,x,,,,
"Enbeita Maguregi, Onintza  (GMx)",2813.87,,,,,1046.48,1823.86,5684.21,79578.94,Bizkaia,F,,,,,,,,,,x,x,
"Errekondo Saltsamendi, Xabier Mikel  (GMx)",2813.87,,,,,1046.48,1823.86,5684.21,79578.94,Bizkaia,M,,,,,,x,,,,x,,Portavoz Sustituto de la Junta de Portavoces
"Escobar Las Heras, Conrado  (GP)",2813.87,,,,,1046.48,1823.86,5684.21,79578.94,La Rioja,M,,,,,,,,,,x,,
"Escudero Berzal, Beatriz Marta  (GP)",2813.87,,,,,697.65,1823.86,5335.38,74695.32,Segovia,F,,,,,,,,,,,x,
"España Reina, Carolina  (GP)",2813.87,,,,,1046.48,1823.86,5684.21,79578.94,Málaga,F,,,,,,,,,,x,,
"Esteban Bravo, Aitor  (GV (EAJ-PNV))",2813.87,,,,,1046.48,1823.86,5684.21,79578.94,Bizkaia,M,,,,,x,,,,,x,,
"Esteller Ruedas, Mª Ángeles  (GP)",2813.87,,,,,1046.48,1823.86,5684.21,79578.94,Barcelona,F,,,,,,,,x,,,,
"Esteve Ortega, Esperança  (GS)",2813.87,,,,,1046.48,1823.86,5684.21,79578.94,Barcelona,F,,,,,,,,,,x,,
F,,,,,,,,,0,,,,,,,,,,,,,,
"Fabra Fernández, Andrea  (GP)",2813.87,,,,,1046.48,1823.86,5684.21,79578.94,Castellón,F,,,,,,,,,,x,,
"Fajarnés Ribas, Enrique  (GP)",2813.87,,,,,1046.48,1823.86,5684.21,79578.94,Illes Balears,M,,,,,,,,,,x,,
"Falcón Dacal, Maravillas Concepción  (GP)",2813.87,,,,,1046.48,1823.86,5684.21,79578.94,Albacete,F,,,,,,,,x,,,,
"Fernández Álvarez, Alejandro  (GP)",2813.87,,,,,1046.48,1823.86,5684.21,79578.94,Tarragona,M,,,,,,,,,,x,,
"Fernández Davila, Mª Olaia  (GMx)",2813.87,,,,,1046.48,1823.86,5684.21,79578.94,Pontevedra,F,,,,,,,,,,x,x,
"Fernández García, Eduardo  (GP)",2813.87,,,,,1046.48,1823.86,5684.21,79578.94,León,M,,,,,,,,x,,,,
"Fernández Moya, Gracia  (GS)",2813.87,,,,,1046.48,1823.86,5684.21,79578.94,Almería,F,,,,,,,,,x,,x,
"Fernández-Ahuja García, María de los Ángeles  (GP)",2813.87,,,,,697.65,1823.86,5335.38,74695.32,Asturias,F,,,,,,,,,x,,,
"Ferrando Sendra, Amparo  (GP)",2813.87,,,,,1046.48,1823.86,5684.21,79578.94,Alicante,F,,,,,,,,x,,,,
"Ferrer Roselló, Vicente  (GP)",2813.87,,,,,1046.48,1823.86,5684.21,79578.94,Valencia,M,,,,,,,,,,x,,
"Figueres Górriz, María Ascensión  (GP)",2813.87,,,,,1046.48,1823.86,5684.21,79578.94,Castellón,F,,,,,,,,,,,x,
"Flores Lanuza, Mario Francisco José  (GP)",2813.87,,,,,1046.48,1823.86,5684.21,79578.94,Alicante,M,,,,,,,,x,,,,
"Floriano Corrales, Carlos Javier  (GP)",2813.87,,,,,1046.48,1823.86,5684.21,79578.94,Cáceres,M,,,,,,,,x,,,,
"Franquis Vera, Sebastián  (GS)",2813.87,,,,,1046.48,1823.86,5684.21,79578.94,Las Palmas,M,,,,,,,,,,x,,
"Fumero Roque, Águeda  (GP)",2813.87,,,,,697.65,1823.86,5335.38,74695.32,Santa Cruz de Tenerife,F,,,,,,,,,x,,,
G,,,,,,,,,0,,,,,,,,,,,,,,
"Gallego Arriola, María del Puerto  (GS)",2813.87,,,,,1046.48,1823.86,5684.21,79578.94,Cantabria,F,,,,,,,,,x,x,,
"Gallego Burgos, Antonio  (GP)",2813.87,,,,,1046.48,1823.86,5684.21,79578.94,Barcelona,M,,,,,,,,,,x,,
"García Álvarez, María Caridad  (GIP)",2813.87,,,,,1046.48,870.56,4730.91,66232.74,Madrid,F,x,,,,,,,,,x,x,
"García Díez, Joaquín María  (GP)",2813.87,,,,,1046.48,1823.86,5684.21,79578.94,Lugo,M,,,,,,,,,,x,,
"García Egea, Teodoro  (GP)",2813.87,,,,,1046.48,1823.86,5684.21,79578.94,Murcia,M,,,,,,,,,,x,,
"García Gasulla, Guillem  (GS)",2813.87,,,,,697.65,1823.86,5335.38,74695.32,Illes Balears,M,,,,,,,,,x,,,
"García Hernández, José Ramón  (GP)",2813.87,,,,,1046.48,870.56,4730.91,66232.74,Madrid,M,x,,,,,,,x,,,,
"García Pérez, Pablo  (GP)",2813.87,,,,,697.65,1823.86,5335.38,74695.32,Granada,M,,,,,,,,,,,x,
"García Sena, Teresa  (GP)",2813.87,,,,,,1823.86,4637.73,64928.22,Valencia,F,,,,,,,,,x,,,
"García-Tizón López, Arturo  (GP)",2813.87,,,,,1431.31,1823.86,6069.04,84966.56,Toledo,M,,,,,,,x,,,,,
"Garzón Espinosa, Alberto  (GIP)",2813.87,,,,,1046.48,1823.86,5684.21,79578.94,Málaga,M,,,,,,,,,,x,x,
"Gil Lázaro, Ignacio  (GP)",2813.87,944.49,818.46,677.35,,697.65,1823.86,7775.68,108859.52,Valencia,M,,,,x,,,,,x,,,
"Girela de la Fuente, José Manuel  (GS)",2813.87,,,,,697.65,1823.86,5335.38,74695.32,Sevilla,M,,,,,,,,,,,x,
"Gómez de la Serna y Villacieros, Pedro Ramón  (GP)",2813.87,,,,,1431.31,1823.86,6069.04,84966.56,Segovia,M,,,,,,,,,,x,,
"Gómez Sánchez, Tomás Valeriano  (GS)",2813.87,,,,,1046.48,870.56,4730.91,66232.74,Madrid,M,x,,,,,,,x,,,,
"González Cabaña, Francisco  (GS)",2813.87,,,,,1046.48,1823.86,5684.21,79578.94,Cádiz,M,,,,,,,,,,x,x,
"González Gutiérrez, Concepción  (GP)",2813.87,,,,,,1823.86,4637.73,64928.22,Cáceres,F,,,,,,,,,,,,
"González Muñoz, Ángel Luis  (GP)",2813.87,,,,,697.65,1823.86,5335.38,74695.32,Málaga,M,,,,,,,,,,,x,
"González Ramos, Manuel Gabriel  (GS)",2813.87,,,,,1046.48,1823.86,5684.21,79578.94,Albacete,M,,,,,,,,,x,x,,
"González Santín, María Luisa  (GS)",2813.87,,,,,697.65,1823.86,5335.38,74695.32,León,F,,,,,,,,,x,,,
"González Vázquez, Marta  (GP)",2813.87,,,,,1046.48,1823.86,5684.21,79578.94,A Coruña,F,,,,,,,,,,x,,
"González Vázquez, Sebastián  (GP)",2813.87,,,,,1431.31,1823.86,6069.04,84966.56,Ávila,M,,,,,,,x,,,,,
"González Veracruz, María  (GS)",2813.87,,,,,1046.48,1823.86,5684.21,79578.94,Murcia,F,,,,,,,,,,x,,
"Gordo Pérez, Juan Luis  (GS)",2813.87,,,,,1046.48,1823.86,5684.21,79578.94,Segovia,M,,,,,,,,,,x,,
"Grande Pesquero, Pilar  (GS)",2813.87,,,,,1046.48,1823.86,5684.21,79578.94,Las Palmas,F,,,,,,,,,,x,,
"Grau Reinés, Juan Carlos  (GP)",2813.87,,,,,1046.48,1823.86,5684.21,79578.94,Illes Balears,M,,,,,,,,,,x,,
"Guaita Vañó, Inmaculada  (GP)",2813.87,,,,,,1823.86,4637.73,64928.22,Valencia,F,,,,,,,,,,,,
"Guerra González, Alfonso  (GS)",2813.87,,,,,1431.31,1823.86,6069.04,84966.56,Sevilla,M,,,,,,,x,,,,,
"Guillaumes i Ràfols, Feliu-Joan  (GC-CiU)",2813.87,,,,,1046.48,1823.86,5684.21,79578.94,Barcelona,M,,,,,,,,,,x,x,
"Guillén Izquierdo, Vicente  (GS)",2813.87,,,,,697.65,1823.86,5335.38,74695.32,Teruel,M,,,,,,,,,x,,x,
"Gutiérrez del Castillo, María Concepción  (GS)",2813.87,,,,,,1823.86,4637.73,64928.22,Jaén,F,,,,,,,,x,,,,
"Gutiérrez Molina, Antonio  (GP)",2813.87,,,,,1046.48,1823.86,5684.21,79578.94,Melilla,M,,,,,,,,x,,,,
H,,,,,,,,,0,,,,,,,,,,,,,,
"Heredia Díaz, Miguel Ángel  (GS)",2813.87,0,0,0,2667.4,0,1823.86,7305.13,102271.82,Málaga,M,,,,,,x,,,,,,Portavoz Sustituto de la Junta de Portavoces
"Heredia Martín, Silvia  (GP)",2813.87,0,0,0,0,697.65,1823.86,5335.38,74695.32,Sevilla,F,,,,,,,,,x,,,
"Hernández Gutiérrez, Patricia  (GS)",2813.87,0,0,0,0,697.65,1823.86,5335.38,74695.32,Santa Cruz de Tenerife,F,,,,,,,,,x,,x,
"Hernando Fraile, Rafael Antonio  (GP)",2813.87,0,0,0,2667.4,0,1823.86,7305.13,102271.82,Almería,M,,,,,,x,,,,,,Portavoz Sustituto de la Junta de Portavoces
"Hernando Vera, Antonio  (GS)",2813.87,0,0,0,2667.4,0,870.56,6351.83,88925.62,Madrid,M,x,,,,x,,,,,,,
"Hernanz Costa, Sofía  (GS)",2813.87,0,0,0,2667.4,0,1823.86,7305.13,102271.82,Illes Balears,F,,,,,,x,,,,,,Portavoz Sustituto de la Junta de Portavoces
"Herrero Bono, José Alberto  (GP)",2813.87,0,0,0,0,0,1823.86,4637.73,64928.22,Teruel,M,,,,,,,,,,,,
"Hoyo Juliá, Belén  (GP)",2813.87,0,0,0,0,697.65,1823.86,5335.38,74695.32,Valencia,F,,,,,,,,,x,,,
"Hurtado Zurera, Antonio  (GS)",2813.87,0,0,0,0,1046.48,1823.86,5684.21,79578.94,Córdoba,M,,,,,,,,,,,x,
I,,,,,,,,,0,,,,,,,,,,,,,,
"Ibáñez Gimeno, Manuel  (GP)",2813.87,,,,,,1823.86,4637.73,64928.22,Castellón,M,,,,,,,,,,,,
"Iglesias Fontal, María Olga  (GP)",2813.87,,,,,697.65,1823.86,5335.38,74695.32,Lugo,F,,,,,,,,,,,x,
"Iglesias Santiago, Leire  (GS)",2813.87,,,,,1046.48,1823.86,5684.21,79578.94,Cáceres,F,,,,,,,,,,x,,
"Iñarritu García, Jon  (GMx)",2813.87,,,,,1046.48,1823.86,5684.21,79578.94,Bizkaia,M,,,,,,,,,,x,x,
,,,,,,,,,0,,,,,,,,,,,,,,
"Jané i Guasch, Jordi  (GC-CiU)",2813.87,1209.6,1010.83,707.1,,1046.48,1823.86,8611.74,120564.36,Tarragona,M,,,x,,,,,,,x,x,
"Jiménez Díaz, María Piedra Escrita  (GP)",2813.87,,,,,,1823.86,4637.73,64928.22,Badajoz,F,,,,,,,,,,,,
"Jiménez García-Herrera, Trinidad  (GS)",2813.87,,,,,1046.48,1823.86,5684.21,79578.94,Málaga,F,,,,,,,,,,x,,
"Jiménez Mínguez, Encarnación  (GP)",2813.87,,,,,697.65,1823.86,5335.38,74695.32,Guadalajara,F,,,,,,,,,,,x,
"Jordà i Roura, Teresa  (GMx)",2813.87,,,,,1046.48,1823.86,5684.21,79578.94,Girona,F,,,,,,,,,,x,x,
"Juste Picón, María Belén  (GP)",2813.87,,,,,1046.48,1823.86,5684.21,79578.94,Valencia,F,,,,,,,,x,,,,
,,,,,,,,,0,,,,,,,,,,,,,,
"Lagares Flores, Juan Carlos  (GP)",2813.87,,,,,1046.48,1823.86,5684.21,79578.94,Huelva,M,,,,,,,,x,,,,
"Lago Martínez, María Paz  (GP)",2813.87,,,,,697.65,1823.86,5335.38,74695.32,Pontevedra,F,,,,,,,,,x,,,
"Landaluce Calleja, José Ignacio  (GP)",2813.87,,,,,1046.48,1823.86,5684.21,79578.94,Cádiz,M,,,,,,,,x,,,,
"Lara Carbó, María Teresa de  (GP)",2813.87,,,,,1046.48,870.56,4730.91,66232.74,Madrid,F,x,,,,,,,,,x,,
"Lara Moya, Cayo  (GIP)",2813.87,,,,2667.5,,870.56,6351.93,88927.02,Madrid,M,x,,,,x,,,,,,,
"Larreina Valderrama, Rafael  (GMx)",2813.87,,,,,1046.48,1823.86,5684.21,79578.94,Gipuzkoa,M,,,,,,,,,,x,x,
"Lavilla Martínez, Félix  (GS)",2813.87,,,,,697.65,1823.86,5335.38,74695.32,Soria,M,,,,,,,,,x,,,
"Llamazares Trigo, Gaspar  (GIP)",2813.87,,,,,1431.31,1823.86,6069.04,84966.56,Asturias,M,,,,,,x,x,,,x,x,Portavoz Sustituto de la Junta de Portavoces
"Llorens Torres, José Ignacio  (GP)",2813.87,,,,,1431.31,1823.86,6069.04,84966.56,Lleida,M,,,,,,,x,,,,,
"López Garrido, Diego  (GS)",2813.87,,,,,1046.48,870.56,4730.91,66232.74,Madrid,M,x,,,,,,,,,x,,
"López Garrido, José  (GP)",2813.87,,,,,697.65,1823.86,5335.38,74695.32,Alicante,M,,,,,,,,,,,x,
"López González, Rocío  (GP)",2813.87,,,,,697.65,1823.86,5335.38,74695.32,Toledo,F,,,,,,,,,,,x,
"López i Chamosa, María Isabel  (GS)",2813.87,,,,,1046.48,1823.86,5684.21,79578.94,Barcelona,F,,,,,,,,,x,x,,
"López Vilaboa, José Máximo  (GP)",2813.87,,,,,,1823.86,4637.73,64928.22,Burgos,M,,,,,,,,,,,,
"López-Amor García, Fernando  (GP)",2813.87,,,,,1046.48,1823.86,5684.21,79578.94,Córdoba,M,,,,,,,,x,,,,
"Lozano Domingo, Irene  (GUPyD)",2813.87,,,,,1046.48,870.56,4730.91,66232.74,Madrid,F,x,,,,,,,,,x,,
"Lucio Carrasco, María Pilar  (GS)",2813.87,,,,,1046.48,1823.86,5684.21,79578.94,Cáceres,F,,,,,,,,,,x,,
"Luena López, César  (GS)",2813.87,,,,,1046.48,1823.86,5684.21,79578.94,La Rioja,M,,,,,,,,x,,,,
"Luis Rodríguez, Teófilo de  (GP)",2813.87,944.49,818.46,677.35,,697.65,870.56,5877.89,82290.46,Madrid,M,x,,,x,,,,,,,,
M,,,,,,,,,0,,,,,,,,,,,,,,
"Macias i Arau, Pere  (GC-CiU)",2813.87,,,,2087.07,1431.31,1823.86,8156.11,114185.54,Barcelona,M,,,,,,x,x,,x,x,,Portavoz Sustituto de la Junta de Portavoces
"Madina Muñoz, Eduardo  (GS)",2813.87,,,,,1046.48,1823.86,5684.21,79578.94,Bizkaia,M,,,,,,,,x,,,,
"Madrazo Díaz, Ana María  (GP)",2813.87,,,,,1046.48,1823.86,5684.21,79578.94,Cantabria,F,,,,,,,,,,x,,
"Marcos Domínguez, Pilar  (GP)",2813.87,,,,,697.65,870.56,4382.08,61349.12,Madrid,F,x,,,,,,,,x,,,
"Mariscal Anaya, Guillermo  (GP)",2813.87,,,,,1046.48,1823.86,5684.21,79578.94,Las Palmas,M,,,,,,,,,,x,,
"Márquez de la Rubia, Francisco  (GP)",2813.87,,,,,1046.48,1823.86,5684.21,79578.94,Ceuta,M,,,,,,,,,,,x,
"Martín González, María Guadalupe  (GS)",2813.87,,,,,697.65,1823.86,5335.38,74695.32,Toledo,F,,,,,,,,,,,x,
"Martín González, Telmo  (GP)",2813.87,,,,,1046.48,1823.86,5684.21,79578.94,Pontevedra,M,,,,,,,,x,,,,
"Martín Peré, Pablo  (GS)",2813.87,,,,,1046.48,1823.86,5684.21,79578.94,Illes Balears,M,,,,,,,,,,x,x,
"Martín Pozo, María Teresa  (GP)",2813.87,,,,,697.65,1823.86,5335.38,74695.32,Zamora,F,,,,,,,,,,,x,
"Martín Rodríguez, Enrique Luis  (GP)",2813.87,,,,,697.65,1823.86,5335.38,74695.32,Palencia,M,,,,,,,,,,,x,
"Martínez Ferro, María Valentina  (GP)",2813.87,,,,,,870.56,3684.43,51582.02,Madrid,F,x,,,,,,,,,,,
"Martínez Gorriarán, Carlos  (GUPyD)",2813.87,,,,2087.07,1046.48,870.56,6817.98,95451.72,Madrid,M,x,,,,,x,,,,x,,Portavoz Sustituto de la Junta de Portavoces
"Martínez Olmos, José  (GS)",2813.87,,,,,1046.48,1823.86,5684.21,79578.94,Granada,M,,,,,,,,,,x,,
"Martínez Rodríguez, Santiago  (GP)",2813.87,,,,,697.65,1823.86,5335.38,74695.32,Alicante,M,,,,,,,,,,,x,
"Martínez Saiz, Teófila  (GP)",2813.87,,,,,1046.48,1823.86,5684.21,79578.94,Cádiz,F,,,,,,,,x,,,,
"Martínez-Pujalte López, Vicente  (GP)",2813.87,,,,,1046.48,1823.86,5684.21,79578.94,Murcia,M,,,,,,,,,,x,,
"Martín-Toledano Suárez, José Alberto  (GP)",2813.87,,,,,697.65,1823.86,5335.38,74695.32,Ciudad Real,M,,,,,,,,,,,x,
"Matarí Sáez, Juan José  (GP)",2813.87,,,,,1046.48,1823.86,5684.21,79578.94,Almería,M,,,,,,,,,,x,,
"Matos Mascareño, Pablo  (GP)",2813.87,,,,,1431.31,1823.86,6069.04,84966.56,Santa Cruz de Tenerife,M,,,,,,,x,,,,,
"Meijón Couselo, Guillermo Antonio  (GS)",2813.87,,,,,697.65,1823.86,5335.38,74695.32,Pontevedra,M,,,,,,,,,,,x,
"Méndez Monasterio, Lourdes  (GP)",2813.87,,,,,1431.31,1823.86,6069.04,84966.56,Murcia,F,,,,,,,x,,,,,
"Merino López, Rafael  (GP)",2813.87,,,,,,1823.86,4637.73,64928.22,Córdoba,M,,,,,,,,,,,,
"Micheo Carrillo-Albornoz, Julia de  (GP)",2813.87,,,,,1046.48,1823.86,5684.21,79578.94,Alicante,F,,,,,,,,x,,,,
"Miguélez Pariente, María Aránzazu  (GP)",2813.87,,,,,1046.48,1823.86,5684.21,79578.94,León,F,,,,,,,,,,,x,
"Mingo Zapatero, Mario  (GP)",2813.87,,,,,1431.31,870.56,5115.74,71620.36,Madrid,M,x,,,,,,x,,,,,
"Molinero Hoyos, Francisco  (GP)",2813.87,,,,,697.65,1823.86,5335.38,74695.32,Albacete,M,,,,,,,,,x,,,
"Moneo Díez, María Sandra  (GP)",2813.87,,,,,1046.48,1823.86,5684.21,79578.94,Burgos,F,,,,,,,,,,x,,
"Monteserín Rodríguez, María Virtudes  (GS)",2813.87,,,,,1046.48,1823.86,5684.21,79578.94,Asturias,F,,,,,,,,,,x,,
"Montesinos de Miguel, Macarena  (GP)",2813.87,,,,,1046.48,1823.86,5684.21,79578.94,Alicante,F,,,,,,,,,,x,,
"Montón Giménez, Carmen  (GS)",2813.87,,,,,1046.48,1823.86,5684.21,79578.94,Valencia,F,,,,,,,,,,x,,
"Montserrat Montserrat, Dolors  (GP)",2813.87,1209.6,1010.83,707.1,,1046.48,1823.86,8611.74,120564.36,Barcelona,F,,,x,,,,,,,,,
"Mora Bernat, Manuel  (GP)",2813.87,,,,,697.65,1823.86,5335.38,74695.32,Huesca,M,,,,,,,,,x,,,
"Moragas Sánchez, Jorge  (GP)",2813.87,,,,,0,1823.86,4637.73,64928.22,Barcelona,M,,,,,,,,,,,,
"Moraleja Gómez, Tristana María  (GP)",2813.87,,,,,1046.48,1823.86,5684.21,79578.94,A Coruña,F,,,,,,,,,,,x,
"Moreno Bustos, Ramón  (GP)",2813.87,,,,,1046.48,1823.86,5684.21,79578.94,Zaragoza,M,,,,,,,,,,x,,
"Moreno Felipe, Irene  (GP)",2813.87,,,,,0,1823.86,4637.73,64928.22,Albacete,F,,,,,,,,,,,,
"Moreno Palanques, Rubén  (GP)",2813.87,,,,,1046.48,1823.86,5684.21,79578.94,Valencia,M,,,,,,,,,,,,
"Morlán Gracia, Víctor  (GS)",2813.87,0,0,0,0,1046.48,1823.26,5683.61,79570.54,Huesca,M,,,,,,,,x,,,,
"Moro Almaraz, María Jesús  (GP)",2813.87,0,0,0,0,1046.48,1823.26,5683.61,79570.54,Salamanca,F,,,,,,,,,,x,,
"Moscoso del Prado Hernández, Juan  (GS)",2813.87,0,0,0,0,1046.48,1823.26,5683.61,79570.54,Navarra,M,,,,,,,,,,x,,
"Muñoz González, Pedro José  (GS)",2813.87,0,0,0,0,1046.48,1823.26,5683.61,79570.54,Ávila,M,,,,,,,,x,,,,
"Muñoz Obón, Carlos Enrique  (GP)",2813.87,0,0,0,0,697.65,1823.26,5334.78,74686.92,Teruel,M,,,,,,,,,,,,
"Muñoz Santamaría, Lourdes  (GS)",2813.87,0,0,0,0,697.65,1823.26,5334.78,74686.92,Barcelona,F,,,,,,,,,,,x,
N,,,,,,,,,0,,,,,,,,,,,,,,
"Nasarre Goicoechea, Eugenio  (GP)",2813.87,,,,,1046.48,1823.86,5684.21,79578.94,Granada,M,,,,,,,,x,,,,
"Navarro Cruz, María del Carmen  (GP)",2813.87,,,,,1046.48,1823.86,5684.21,79578.94,Almería,F,,,,,,,,,,x,,
"Nuet Pujals, Joan Josep  (GIP)",2813.87,,,,2087.07,1046.48,1823.86,7771.28,108797.92,Barcelona,M,,,,,,x,,,,x,x,Portavoz Sustituto de la Junta de Portavoces
O,,,,,,,,,0,,,,,,,,,,,,,,
"Olabarría Muñoz, Emilio  (GV (EAJ-PNV))",2813.87,,,,,1431.31,1823.86,6069.04,84966.56,Álava,M,,,,,,,x,,,x,,
"Olano Vela, Jaime Eduardo de  (GP)",2813.87,,,,,697.65,1823.86,5335.38,74695.32,Lugo,M,,,,,,,,,,,x,
"Oramas González-Moro, Ana María  (GMx)",2813.87,,,,,1046.48,1823.86,5684.21,79578.94,Santa Cruz de Tenerife,F,,,,,,,,,,x,x,
"Ordóñez Puime, Gonzalo José  (GP)",2813.87,,,,,0,1823.86,4637.73,64928.22,Pontevedra,M,,,,,,,,,,,,
"Ortiz Castellví, Laia  (GIP)",2813.87,,,,,1046.48,1823.86,5684.21,79578.94,Barcelona,F,,,,,,,,,,x,x,
P,,,,,,,,,0,,,,,,,,,,,,,,
"Pacheco Atienza, Arsenio  (GP)",2813.87,,,,,697.65,1823.86,5335.38,74695.32,Murcia,M,,,,,,,,,x,,,
"Pàramo i Ponsetí, Carles  (GC-CiU)",2813.87,,,,,1046.48,1823.86,5684.21,79578.94,Girona,M,,,,,,,,,,x,x,
"Pastor González, Ildefonso R.  (GP)",2813.87,,,,,697.65,1823.86,5335.38,74695.32,Valladolid,M,,,,,,,,,,,x,
"Pérez Domínguez, María Soledad  (GS)",2813.87,,,,,1046.48,1823.86,5684.21,79578.94,Badajoz,F,,,,,,,,x,,,,
"Pérez Fernández, Rosana  (GMx)",2813.87,,,,,1046.48,1823.86,5684.21,79578.94,A Coruña,F,,,,,,,,,,x,x,
"Pérez Herraiz, Margarita  (GS)",2813.87,,,,,697.65,1823.86,5335.38,74695.32,Lugo,F,,,,,,,,,,,x,
"Pérez Insua, Antonio  (GP)",2813.87,,,,,697.65,1823.86,5335.38,74695.32,A Coruña,M,,,,,,,,,,,x,
"Pérez Lapazarán, José Cruz  (GP)",2813.87,,,,,1046.48,1823.86,5684.21,79578.94,Navarra,M,,,,,,,,,,x,,
"Pérez-Hickman Silván, Mariano  (GP)",2813.87,,,,,697.65,870.56,4382.08,61349.12,Madrid,M,x,,,,,,,,x,,,
"Pezzi Cereto, Manuel  (GS)",2813.87,,,,,1046.48,1823.86,5684.21,79578.94,Granada,M,,,,,,,,,,x,,
"Picó i Azanza, Antoni  (GC-CiU)",2813.87,,,,,1046.48,1823.86,5684.21,79578.94,Barcelona,M,,,,,,,,,,x,x,
"Posada Moreno, Jesús  (GP)",2813.87,3064.57,3327.89,2728.57,,,1823.86,10694.19,149718.66,Soria,M,,x,,,,,,,,,,
"Pozuelo Meño, María Isabel  (GS)",2813.87,,,,,,1823.86,4637.73,64928.22,Sevilla,F,,,,,,,,,,,x,
"Prada Presa, Alfredo  (GP)",2813.87,,,,,1431.31,1823.86,6069.04,84966.56,León,M,,,,,,,x,,,,,
"Pradas Torres, Antonio Francisco  (GS)",2813.87,,,,,1046.48,1823.86,5684.21,79578.94,Sevilla,M,,,,,,,,,,x,,
"Puche Rodríguez-Acosta, Gabino  (GP)",2813.87,,,,,1431.31,1823.86,6069.04,84966.56,Jaén,M,,,,,,,x,,,,,
"Puente Redondo, Javier  (GP)",2813.87,,,,,697.65,1823.86,5335.38,74695.32,Cantabria,M,,,,,,,,,,,x,
"Puig Ferrer, Joaquín Francisco  (GS)",2813.87,,,,,,1823.86,4637.73,64928.22,Castellón,M,,,,,,,,,,x,,
"Puyuelo del Val, María Blanca  (GP)",2813.87,,,,,697.65,1823.86,5335.38,74695.32,Huesca,F,,,,,,,,,x,,,
Q,,,,,,,,,0,,,,,,,,,,,,,,
"Quevedo Iturbe, Pedro  (GMx)",2813.87,,,,,1046.48,1823.86,5684.21,79578.94,Las Palmas,M,,,,,,,,,,x,x,
"Quintanilla Barba, María del Carmen  (GP)",2813.87,,,,,1431.31,1823.86,6069.04,84966.56,Ciudad Real,F,,,,,,,x,,,,,
R,,,,,,,,,0,,,,,,,,,,,,,,
"Ramis Socias, Miquel  (GP)",2813.87,,,,,1431.31,1823.86,6069.04,84966.56,Illes Balears,M,,,,,,,x,,,,,
"Ramón Utrabo, Elvira  (GS)",2813.87,,,,,697.65,1823.86,5335.38,74695.32,Granada,F,,,,,,,,,x,,x,
"Rangel Tarrés, Joan  (GS)",2813.87,,,,,1046.48,1823.86,5684.21,79578.94,Barcelona,M,,,,,,,,,,x,,
"Riera i Reñé, Inmaculada  (GC-CiU)",2813.87,,,,,1046.48,1823.86,5684.21,79578.94,Barcelona,F,,,,,,,,,,x,x,
"Rocha Rubí, Manuel de la  (GS)",2813.87,,,,,697.65,870.56,4382.08,61349.12,Madrid,M,,,,,,,,,,,x,
"Rodríguez Barahona, María Teresa  (GS)",2813.87,,,,,697.65,1823.86,5335.38,74695.32,Álava,F,,,,,,,,,,,x,
"Rodríguez Flores, María Carmen  (GP)",2813.87,,,,,,870.56,3684.43,51582.02,Madrid,F,x,,,,,,,,,,,
"Rodríguez García, Isabel  (GS)",2813.87,,,,2087.07,697.65,1823.86,7422.45,103914.3,Ciudad Real,F,,,,,,x,,,x,,,Portavoz Sustituto de la Junta de Portavoces
"Rodríguez Maniega, María del Carmen  (GP)",2813.87,,,,,1046.48,1823.86,5684.21,79578.94,Asturias,F,,,,,,,,x,,,,
"Rodríguez Ramírez, María José  (GS)",2813.87,,,,,697.65,1823.86,5335.38,74695.32,Huelva,F,,,,,,,,,x,,x,
"Rodríguez Ramos, María Soraya  (GS)",2813.87,,,,,1046.48,1823.86,5684.21,79578.94,Valladolid,F,,,,,,,,x,,,,
"Rodríguez Sánchez, Germán  (GS)",2813.87,,,,,1046.48,1823.86,5684.21,79578.94,Barcelona,M,,,,,,,,,x,x,,
"Rodríguez Sánchez, María Felicidad  (GP)",2813.87,,,,,697.65,1823.86,5335.38,74695.32,Cádiz,F,,,,,,,,,,,x,
"Rodríguez Vázquez, María Paloma  (GS)",2813.87,,,,,697.65,1823.86,5335.38,74695.32,A Coruña,F,,,,,,,,,,,x,
"Rodríguez-Salmones Cabeza, Beatriz  (GP)",2813.87,,,,2087.07,,870.56,5771.5,80801,Madrid,F,x,,,,,x,,,,,,Portavoz Sustituto de la Junta de Portavoces
"Román Jasanada, Antonio  (GP)",2813.87,,,,,1046.48,1823.86,5684.21,79578.94,Guadalajara,M,,,,,,,,x,,,,
"Romero Girón, Aurelio  (GP)",2813.87,,,,,1431.31,1823.86,6069.04,84966.56,Cádiz,M,,,,,,,x,,,,,
"Romero Hernández, Carmelo  (GP)",2813.87,,,,,697.65,1823.86,5335.38,74695.32,Huelva,M,,,,,,,,,x,,,
"Romero Rodríguez, María Eugenia  (GP)",2813.87,,,,,697.65,1823.86,5335.38,74695.32,Sevilla,F,,,,,,,,,,,x,
"Romero Sánchez, Rosa María  (GP)",2813.87,,,,,1046.48,1823.86,5684.21,79578.94,Ciudad Real,F,,,,,,,,x,,,,
"Rominguera Salazar, María del Mar  (GS)",2813.87,,,,,,1823.86,4637.73,64928.22,Zamora,F,,,,,,,,,x,,,
"Ros Martínez, Susana  (GS)",2813.87,,,,,697.65,1823.86,5335.38,74695.32,Castellón,F,,,,,,,,,,,x,
"Ruano Gómez, Juan de Dios  (GP)",2813.87,,,,,1046.48,1823.86,5684.21,79578.94,A Coruña,M,,,,,,,,,,x,,
"Ruiz i Carbonell, Joan  (GS)",2813.87,,,,,697.65,1823.86,5335.38,74695.32,Tarragona,M,,,,,,,,,x,,,
"Ruiz Llamas, Román  (GS)",2813.87,,,,,1046.48,1823.86,5684.21,79578.94,Barcelona,M,,,,,,,,x,,,x,
"Rumí Ibáñez, María Consuelo  (GS)",2813.87,,,,,1046.48,1823.86,5684.21,79578.94,Almería,F,,,,,,,,,,x,,
"Sáez Jubero, Àlex  (GS)",2813.87,,,,,697.65,1823.86,5335.38,74695.32,Girona,M,,,,,,,,,,,x,
"Sahuquillo García, Luis Carlos  (GS)",2813.87,,,,,697.65,1823.86,5335.38,74695.32,Cuenca,M,,,,,,,,,,,x,
"Salvador Armendáriz, Carlos Casimiro  (GMx)",2813.87,,,,,1046.48,1823.86,5684.21,79578.94,Navarra,M,,,,,,,,,,x,x,
"Sánchez Amor, José Ignacio  (GS)",2813.87,,,,,697.65,1823.86,5335.38,74695.32,Badajoz,M,,,,,,,,,,,x,
"Sánchez Barrera, José Juan  (GP)",2813.87,,,,,0,1823.86,4637.73,64928.22,Jaén,M,,,,,,,,,,,,
"Sánchez de Alcázar Ocaña, Miguel  (GP)",2813.87,,,,,697.65,1823.86,5335.38,74695.32,Jaén,M,,,,,,,,,x,,,
"Sánchez Díaz, María Carmen  (GS)",2813.87,,,,,1046.48,1823.86,5684.21,79578.94,Cádiz,F,,,,,,,,x,,,,
"Sánchez Díaz, Ovidio  (GP)",2813.87,,,,,1431.31,1823.86,6069.04,84966.56,Asturias,M,,,,,,,x,,,,,
"Sánchez García, Celinda  (GP)",2813.87,,,,,1046.48,1823.86,5684.21,79578.94,Palencia,F,,,,,,,,x,,,,
"Sánchez i Llibre, Josep  (GC-CiU)",2813.87,,,,,1046.48,1823.86,5684.21,79578.94,Barcelona,M,,,,,,x,,,,x,x,Portavoz Sustituto de la Junta de Portavoces
"Sánchez Pérez-Castejón, Pedro  (GS)",2813.87,,,,,0,870.56,3684.43,51582.02,Madrid,M,x,,,,,,,,,,,
"Sánchez Robles, Isabel  (GV (EAJ-PNV))",2813.87,,,,,1046.48,1823.86,5684.21,79578.94,Bizkaia,F,,,,,,,,,,x,,
"Santa Ana Fernández, María de la Concepción de  (GP)",2813.87,,,,,697.65,1823.86,5335.38,74695.32,Granada,F,,,,,,,,,,,x,
"Sanz Remón, Álvaro  (GIP)",2813.87,,,,,1046.48,1823.86,5684.21,79578.94,Zaragoza,M,,,,,,,,,,x,x,
"Saura García, Pedro  (GS)",2813.87,,,,,1046.48,1823.86,5684.21,79578.94,Murcia,M,,,,,,,,,,x,,
"Sayós i Motilla, Maria Carme  (GC-CiU)",2813.87,,,,,1046.48,1823.86,5684.21,79578.94,Barcelona,F,,,,,,,,,,x,x,
"Seara Sobrado, Laura Carmen  (GS)",2813.87,,,,,1046.48,1823.86,5684.21,79578.94,Ourense,F,,,,,,,,,,x,x,
"Segura Clavell, José  (GS)",2813.87,,,,,1046.48,1823.86,5684.21,79578.94,Santa Cruz de Tenerife,M,,,,,,,,,,x,,
"Serrano Argüello, María Arenales  (GP)",2813.87,,,,,1046.48,1823.86,5684.21,79578.94,Valladolid,F,,,,,,,,,,x,,
"Serrano Calurano, Bibiano  (GP)",2813.87,,,,,697.65,1823.86,5335.38,74695.32,Badajoz,M,,,,,,,,,,,x,
"Serrano Coronado, Daniel  (GP)",2813.87,,,,,1046.48,1823.86,5684.21,79578.94,Barcelona,M,,,,,,,,,,x,,
"Serrano Martínez, José Enrique  (GS)",2813.87,,,,,1046.48,870.56,4730.91,66232.74,Madrid,M,x,,,,,,,x,,,,
"Sicilia Alférez, Felipe Jesús  (GS)",2813.87,,,,,697.65,1823.86,5335.38,74695.32,Jaén,M,,,,,,,,,,,x,
"Silva Rego, María del Carmen  (GS)",2813.87,,,,,697.65,1823.86,5335.38,74695.32,Pontevedra,F,,,,x,,,,,,,,
"Simancas Simancas, Rafael  (GS)",2813.87,0,0,0,0,1046.48,870.56,4730.91,66232.74,Madrid,M,x,,,,,,,,,x,,
"Sixto Iglesias, Ricardo  (GIP)",2813.87,0,0,0,0,1046.48,1823.86,5684.21,79578.94,Valencia,M,,,,,,,,,,x,x,
"Solsona Aixalà, Marc  (GC-CiU)",2813.87,0,0,0,0,1046.48,1823.86,5684.21,79578.94,Lleida,M,,,,,,,,,x,x,x,
"Suárez Lamata, Eloy  (GP)",2813.87,0,0,0,0,1046.48,1823.86,5684.21,79578.94,Zaragoza,M,,,,,,,,,,x,,
"Suárez-Bárcena Blasco, María Cristina  (GP)",2813.87,0,0,0,0,0,1823.86,4637.73,64928.22,Badajoz,F,,,,,,,,,,,,
"Such Botella, Antoni  (GS)",2813.87,0,0,0,0,697.65,1823.86,5335.38,74695.32,Valencia,M,,,,,,,,,,,x,
"Sumelzo Jordán, Susana  (GS)",2813.87,0,0,0,0,1046.48,1823.86,5684.21,79578.94,Zaragoza,F,,,,,,,,,,,x,
"Surroca i Comas, Montserrat  (GC-CiU)",2813.87,0,0,0,0,1046.48,1823.86,5684.21,79578.94,Girona,F,,,,,,,,,,x,x,
"Susinos Tarrero, María Jesús  (GP)",2813.87,0,0,0,0,697.65,1823.86,5335.38,74695.32,Cantabria,F,,,,,,,,,,,x,
T,,,,,,,,,,,,,,,,,,,,,,,
"Tardà i Coma, Joan  (GMx)",2813.87,0,0,0,0,1046.48,1823.26,5683.61,79570.54,Barcelona,M,,,,,,,,,,x,x,
"Tarno Blanco, Ricardo  (GP)",2813.87,0,0,0,0,1431.31,1823.26,6068.44,84958.16,Sevilla,M,,,,,,,x,,,,,
"Tarruella Tomás, María Concepció  (GC-CiU)",2813.87,0,0,0,0,1046.48,1823.26,5683.61,79570.54,Lleida,F,,,,,,,,,,x,x,
"Torrado de Castro, Marta  (GP)",2813.87,0,0,0,2667.5,0,1823.26,7304.63,102264.82,Valencia,F,,,,,,x,,,,,,Portavoz Sustituto de la Junta de Portavoces
"Torres Herrera, Manuel Luis  (GP)",2813.87,0,0,0,0,697.65,1823.26,5334.78,74686.92,Santa Cruz de Tenerife,M,,,,,,,,,x,,,
"Torres Mora, José Andrés  (GS)",2813.87,0,0,0,0,1046.48,1823.26,5683.61,79570.54,Málaga,M,,,,,,,,,,x,,
"Trevín Lombán, Antonio Ramón María  (GS)",2813.87,0,0,0,0,1046.48,1823.26,5683.61,79570.54,Asturias,M,,,,,,,,,,x,,
"Tudanca Fernández, Luis  (GS)",2813.87,0,0,0,0,697.65,1823.26,5334.78,74686.92,Burgos,M,,,,,,,,,x,,x,
U,,,,,,,,,0,,,,,,,,,,,,,,
"Urbina Fernández, Iker  (GMx)",2813.87,,,,,1046.48,1823.26,5683.61,79570.54,Álava,M,,,,,,,,,,x,,
"Uriarte Ayala, Ignacio  (GP)",2813.87,,,,,697.65,1823.26,5334.78,74686.92,Valencia,M,,,,,,,,,,,x,
V,,,,,,,,,0,,,,,,,,,,,,,,
"Valerio Cordero, Magdalena  (GS)",2813.87,0,0,0,2667.5,0,1823.86,7305.23,102273.22,Guadalajara,F,,,,,,x,,,,,,Portavoz Sustituto de la Junta de Portavoces
"Vallès Vives, Francesc  (GS)",2813.87,0,0,0,2667.5,0,1823.86,7305.23,102273.22,Tarragona,M,,,,,,x,,,,,,Portavoz Sustituto de la Junta de Portavoces
"Vañó Ferre, Francisco  (GP)",2813.87,0,0,0,0,1046.48,1823.86,5684.21,79578.94,Toledo,M,,,,,,,,,,x,,
"Varela Lema, Margarita  (GP)",2813.87,,,,,0,1823.86,4637.73,64928.22,A Coruña,F,,,,,,,,,,,,
"Vázquez Blanco, Ana Belén  (GP)",2813.87,0,0,0,0,1046.48,1823.86,5684.21,79578.94,Ourense,F,,,,,,,,x,,,,
"Vázquez Jiménez, Antonio  (GP)",2813.87,0,0,0,0,1046.48,1823.86,5684.21,79578.94,Zamora,M,,,,,,,,x,,,,
"Vázquez Morillo, María José  (GS)",2813.87,0,0,0,0,697.65,1823.86,5335.38,74695.32,Sevilla,F,,,,,,,,,,,x,
"Vera Pró, Juan Carlos  (GP)",2813.87,0,0,0,0,1046.48,870.56,4730.91,66232.74,Madrid,M,x,,,,,,,x,,,,
"Veray Cama, Concepció  (GP)",2813.87,0,0,0,0,697.65,1823.86,5335.38,74695.32,Girona,F,,,,,,,,,,,x,
"Viera Chacón, José Antonio  (GS)",2813.87,0,0,0,0,1046.48,1823.86,5684.21,79578.94,Sevilla,M,,,,,,,,x,,,,
"Villalobos Talero, Celia  (GP)",2813.87,1209.6,1010.83,707.1,0,1046.48,1823.86,8611.74,120564.36,Málaga,F,,,x,,,,,,,,,
"Villanova Rueda, Joaquín  (GP)",2813.87,0,,0,0,697.65,1823.86,5335.38,74695.32,Málaga,M,,,,,,,,,,,x,
"Villarrubia Mediavilla, Julio  (GS)",2813.87,0,0,0,0,1046.48,1823.86,5684.21,79578.94,Palencia,M,,,,,,,,x,,,,
X,,,,,,,,,0,,,,,,,,,,,,,,
"Xuclà i Costa, Jordi  (GC-CiU)",2813.87,0,0,0,0,1046.48,1823.86,5684.21,79578.94,Girona,M,,,,,,,,,,x,x,
Z,,,,,,,,,0,,,,,,,,,,,,,,
"Zaragoza Alonso, José",2813.87,0,,0,0,697.65,1823.86,5335.38,74695.32,Barcelona,M,,,,,,,,,,,x,
"Zarrías Arévalo, Gaspar Carlos",2813.87,,0,0,0,1046.48,1823.86,5684.21,79578.94,Jaén,M,,,,,,,,x,,,,
