"Abad Pérez, Juan Antonio",2813.87,0,0,0,0,0,1823.86,4637.73,64928.22,La Rioja,M,,,,,,,,,x,,,
"Ábalos Meco, José Luis",2813.87,0,0,0,0,1046.48,1823.86,5684.21,79578.94,Valencia,M,,,,,,,,,x,,,Portavoz sustituto Junta Portavoces / Secretario Segundo Comisión
"Agirretxea Urresti, Joseba Andoni)",2813.87,0,0,0,0,1046.48,1823.86,5684.21,79578.94,Gipuzkoa,M,,,,,,,,,,x,,
"Aguiar Rodríguez, Ernesto",2813.87,0,0,0,0,697.65,1823.86,5335.38,74695.32,Santa Cruz de Tenerife,M,,,,,,,,,,x,,
"Aguilar Rivero, Rosa",2813.87,0,0,0,0,1046.48,1823.86,5684.21,79578.94,Córdoba,F,,,,,,,,,,x,,
"Albendea Pabón, Juan Manuel",2813.87,0,0,0,0,1431.31,1823.86,6069.04,84966.56,Sevilla,M,,,,,,,x,,,,,
"Alberto Pérez, Celia",2813.87,0,0,0,0,697.65,1823.86,5335.38,74695.32,Las Palmas,F,,,,,,,,,,,x,
"Alegría Continente, María Pilar",2813.87,0,0,0,0,1046.48,1823.86,5684.21,79578.94,Zaragoza,F,,,,,,,,x,,,,
"Alonso Aranegui, Alfonso",2813.87,0,0,0,2667.5,0,1823.86,7305.23,102273.22,Álava,M,,,,,x,,,,,,,
"Alonso Núñez, Alejandro",2813.87,0,0,0,0,1046.48,1823.86,5684.21,79578.94,Toledo,M,,,,,,,,,,x,,
"Alonso Ruiz, José María",2813.87,0,0,0,0,0,1823.86,4637.73,64928.22,Cantabria,F,,,,,,,,,x,,,
"Álvarez Álvarez, Ángeles",2813.87,0,0,0,0,1046.48,870.56,4730.91,66232.74,Madrid,F,x,,,,,,,,,x,,
"Álvarez-Arenas Cisneros, María del Carmen",2813.87,0,0,0,0,1046.48,870.56,4730.91,66232.74,Madrid,F,x,,,,,,,,,x,,
"Álvarez de Toledo Peralta Ramos, Cayetana",2813.87,0,0,0,0,1046.48,870.56,4730.91,66232.74,Madrid,F,x,,,,,,,x,,,,
"Álvarez Sostres, Enrique",2813.87,0,0,0,0,1046.48,1823.86,5684.21,79578.94,Asturias,M,,,,,,,,,,x,x,
"Anchuelo Crego, Álvaro",2813.87,0,0,0,0,1046.48,870.56,4730.91,66232.74,Madrid,M,x,,,,,,,,,x,,
"Angulo Romero, María Teresa",2813.87,0,0,0,0,1046.48,1823.86,5684.21,79578.94,Badajoz,F,,,,,,,,x,,,,
"Aragonés Mendiguchía, Carlos",2813.87,0,0,0,0,1431.31,870.56,5115.74,71620.36,Madrid,M,x,,,,,,x,,,,,
"Araújo Gil, Rogelio",2813.87,0,0,0,0,697.65,1823.86,5335.38,74695.32,Illes Balears,M,,,,,,,,,x,,,
"Ares Martínez-Fortún, María de la O",2813.87,0,0,0,0,697.65,1823.86,5335.38,74695.32,Illes Balears ,F,,,,,,,,,x,,,
"Ariztegui Larrañaga, Maite",2813.87,0,0,0,0,1046.48,1823.86,5684.21,79578.94,Gipuzkoa,F,,,,,,,,,,x,x,
"Asian González, Matilde Pastora",2813.87,0,0,0,0,2667.5,1823.86,7305.23,102273.22,Las Palmas,F,,,,,,,,,,,,Portavoz Sustituto de la Junta de Portavoces
"Ayala Sánchez, Andrés José",2813.87,,,,,"1,046.48",1823.86,"5,684.21",79578.94,Murcia,M,,,,,,,,,,x,,
"Ayllón Manso, José Luis",2813.87,0,0,0,0,0,1823.86,4637.73,64928.22,Barcelona,M,,,,,,,,,,,,
"Azpiazu Uriarte, Pedro María)",2813.87,0,0,0,0,1046.48,1823.86,5684.21,79578.94,Bizkaia,M,,,,,,,,,,x,,Portavoz Sustituto de la Junta de Portavoces
"Azpiroz Villar, José Eugenio",2813.87,0,0,0,0,1431.31,1823.86,6069.04,84966.56,Gipuzkoa,M,,,,,,,x,,,,,
"Baena Azuaga, María del Mar",2813.87,0.00,0.00,0.00,0.00,0.00,1823.86,4637.73,64928.22,Málaga,F,,,,,,,,,,,x,
"Bajo Prieto, María Luz",2813.87,0.00,0.00,0.00,0.00,0.00,870.56,3684.43,51582.02,Madrid,F,x,,,,,,,,,x,,
"Baldoví Roda, Joan",2813.87,0.00,0.00,0.00,0.00,1046.48,1823.86,5684.21,79578.94,Valencia,M,,,,,,,,,,x,x,
"Barberà i Montserrat, Martí",2813.87,0.00,0.00,0.00,0.00,1046.48,1823.86,5684.21,79578.94,Tarragona,H,,,,,,,,,,x,,
"Barkos Berruezo, Uxue",2813.87,0.00,0.00,0.00,0.00,1046.48,1823.86,5684.21,79578.94,Navarra,F,,,,,x,,,,,x,x,
"Barreda de los Ríos, Leopoldo",2813.87,0.00,0.00,0.00,2667.40,0.00,1823.86,7305.13,102271.82,Bizkaia,M,,,,,,,,,,,,Portavoz Sustituto de la Junta de Portavoces
"Barreda Fontes, José María",2813.87,0.00,0.00,0.00,0.00,1431.31,1823.86,6069.04,84966.56,Ciudad Real,M,,,,,,,x,,,,,
"Barreiro Álvarez, Pilar",2813.87,0.00,0.00,0.00,0.00,1046.48,1823.86,5684.21,79578.94,Murcia,F,,,,,,,,x,,,,
"Barrero López, Jaime Javier",2813.87,1209.60,1010.83,707.10,0.00,1046.48,1823.86,8611.74,120564.36,Huelva,M,,,x,,,,,x,,,,
"Batet Lamaña, Meritxell",2813.87,0.00,0.00,0.00,0.00,1046.48,1823.86,5684.21,79578.94,Barcelona,F,,,,,,,,,,x,,
"Bedera Bravo, Mario",2813.87,0.00,0.00,0.00,0.00,1046.48,1823.86,5684.21,79578.94,Valladolid,M,,,,,,,,,,x,,
"Benegas Haddad, José María",2813.87,0.00,0.00,0.00,0.00,1046.48,1823.86,5684.21,79578.94,Bizkaia,M,,,,,,,,x,,,,
"Beneyto Pérez, José María",2813.87,0.00,0.00,0.00,0.00,1046.48,1823.86,5684.21,79578.94,Cuenca,M,,,,,,,,,,x,,
"Bermúdez de Castro Fernández, José Antonio",2813.87,0.00,0.00,0.00,2667.40,0.00,1823.86,7305.13,102271.82,Salamanca,M,,,,,,,,,,,,Portavoz Sustituto de la Junta de Portavoces
"Bertomeu Bertomeu, Juan",2813.87,0.00,0.00,0.00,2087.07,0.00,1823.86,6724.80,94147.2,Tarragona,M,,,,,,,,,,,x,
"Blanco Terán, Rosa Delia",2813.87,0.00,0.00,0.00,0.00,1046.48,870.56,4730.91,66232.74,Madrid,F,x,,,,,,,x,,,,
"Blanquer Alcaraz, Patricia",2813.87,0.00,0.00,0.00,0.00,1046.48,1823.86,5684.21,79578.94,Alicante,F,,,,,,,,,,x,,
"Blasco Soto, Miriam Guadalupe",2813.87,0.00,0.00,0.00,0.00,697.65,1823.86,5335.38,74695.32,Alicante,F,,,,,,,,,,x,,
"Bolarín Sánchez, María Dolores",2813.87,0.00,0.00,0.00,0.00,697.65,1823.86,5335.38,74695.32,Murcia,F,,,,,,,,,,,x,
"Bonilla Domínguez, María Jesús",2813.87,0.00,0.00,0.00,0.00,1046.48,1823.86,5684.21,79578.94,Cuenca,F,,,,,,,,x,,,,
"Bosch i Pascual, Alfred",2813.87,0.00,0.00,0.00,2667.40,0.00,1823.86,7305.13,102271.82,Barcelona,M,,,,,,,,,,x,,
"Bravo Ibáñez, Mª Concepción",2813.87,0.00,0.00,0.00,0.00,1046.48,1823.86,5684.21,79578.94,La Rioja,F,,,,,,,,,,x,,
"Buyolo García, Federico",2813.87,0.00,0.00,0.00,0.00,697.65,1823.86,5335.38,74695.32,Alicante,M,,,,,,,,,,,x,
"Cabello de Alba Hernández, Federico",2813.87,,,,,697.65,1823.86,5335.38,74695.32,Córdoba,M,,,,,,,,,x,,,
"Cabrera García, Francisco Domingo",2813.87,,,,,1046.48,1823.86,5684.21,79578.94,Las Palmas,M,,,,,,,,,,,x,
"Caicedo Bernabé, Jesús",2813.87,,,,,1046.48,1823.86,5684.21,79578.94,Almería,M,,,,,,,,x,,,,
"Caldera Sánchez-Capitán, Jesús",2813.87,,,,,1046.48,1823.86,5684.21,79578.94,Salamanca,M,,,,,,,,x,,,,
"Campos Arteseros, Herick Manuel",2813.87,,,,,1046.48,1823.86,5684.21,79578.94,Alicante,M,,,,,,,,,,,x,
"Camps Devesa, Gerardo",2813.87,,,,,1431.31,1823.86,6069.04,84966.56,Alicante,M,,,,,,,x,,,,,
"Campuzano i Canadés, Carles",2813.87,,,,,1046.48,1823.86,5684.21,79578.94,Barcelona,M,,,,,,,,,,x,x,
"Candón Adán, Alfonso",2813.87,,,,,1046.48,1823.86,5684.21,79578.94,Cádiz,M,,,,,,,,,,,x,
"Canongia Gerona, Joan",2813.87,,,,,1046.48,1823.86,5684.21,79578.94,Barcelona,M,,,,,,,,,x,,,
"Cantó García del Moral, Antonio",2813.87,,,,,1046.48,1823.86,5684.21,79578.94,Valencia,M,,,,,,,,,,x,,
"Carcedo Roces, María Luisa",2813.87,,,,,1046.48,1823.86,5684.21,79578.94,Asturias,F,,,,,,,,,,x,,
"Carreño Fernández, María Ascensión",2813.87,,,,,1046.48,1823.86,5684.21,79578.94,Murcia,F,,,,,,,,,,,x,
"Casado Blanco, Pablo",2813.87,,,,,1046.48,1823.86,5684.21,79578.94,Ávila,M,,,,,,,,,,x,,
"Castellano Ramón, Helena",2813.87,,,,,697.65,1823.86,5335.38,74695.32,León,F,,,,,,,,,x,,,
"Castillo Calvín, José Miguel",2813.87,,,,,1046.48,1823.86,5684.21,79578.94,Granada,M,,,,,,,,,,x,,
"Cediel Martínez, María Virtudes",2813.87,,,,,0,870.56,3684.43,51582.02,Madrid,F,x,,,,,,,,,,x,
"Centella Gómez, José Luis",2813.87,,1741.19,926.31,2667.5,1046.48,1823.86,11019.21,154268.94,Sevilla,M,,,,,,,,,,x,x,Portavoz Sustituto de la Junta de Portavoces
"Chaves González, Manuel María",2813.87,,,,,1431.31,1823.86,6069.04,84966.56,Cádiz,M,,,,,,,x,,,,,
"Cid Muñoz, Margarita del Carmen del",2813.87,,,,,1046.48,1823.86,5684.21,79578.94,Málaga,F,,,,,,,,,,,,
"Císcar Casabán, Ciprià",2813.87,,,,,1046.48,1823.86,5684.21,79578.94,Valencia,M,,,,,,,,,,x,,
"Ciuró i Buldó, Lourdes",2813.87,,,,,1046.48,1823.86,5684.21,79578.94,Barcelona,F,,,,,,,,,,x,x,
"Cobaleda Hernández, María Teresa",2813.87,,,,,1046.48,1823.86,5684.21,79578.94,Salamanca,F,,,,,,,,,,,x,
"Cobos Trallero, Sara",2813.87,,,,,697.65,1823.86,5335.38,74695.32,Zaragoza,F,,,,,,,,,x,,,
"Collarte Rodríguez, Guillermo",2813.87,,,,,1046.48,1823.86,5684.21,79578.94,Ourense,M,,,,,,,,,,,x,
"Conde Bajén, Agustín",2813.87,,,,,1431.31,1823.86,6069.04,84966.56,Toledo,M,,,,,,,x,,,,,
"Conde Martínez, Gema",2813.87,,,,,697.65,1823.86,5335.38,74695.32,Burgos,F,,,,,,,,,x,,,
"Corcuera Plaza, Juan Carlos",2813.87,,,,,1046.48,1823.86,5684.21,79578.94,Barcelona,M,,,,,,,,,x,x,,
"Cortés Bureta, Pilar",2813.87,,,,,1046.48,1823.86,5684.21,79578.94,Zaragoza,F,,,,,,,,,,,x,
"Cortés Martín, Miguel Ángel",2813.87,,,,,1431.31,1823.86,6069.04,84966.56,Valladolid,M,,,,,,,x,,,,,
"Cortizo Nieto, Miguel Ángel",2813.87,,,,,0,1823.86,4637.73,64928.22,A Coruña,M,,,,,,,,x,,,,
"Coscubiela Conesa, Joan",2813.87,,1741.19,926.31,2667.5,1046.48,1823.86,11019.21,154268.94,Barcelona,M,,,,,,,,,,x,x,Portavoz Sustituto de la Junta de Portavoces
"Costa Palacios, María Angelina",2813.87,,,,,1046.48,1823.86,5684.21,79578.94,Córdoba,F,,,,,,,,,,x,,
"Cuadra Lasarte, Sabino",2813.87,,,,,1046.48,1823.86,5684.21,79578.94,Navarra,M,,,,,,,,,,x,x,
"Cunillera Mestres, Teresa",2813.87,944.49,818.46,677.35,,697.65,1823.86,7775.68,108859.52,Lleida,F,,,,x,,,,,x,,,
"De las Heras Ladera, Ascensión",2813.87,,,,,1046.48,870.56,4730.91,66232.74,Madrid,F,x,,,,,,,,,x,x,
"Delgado Arce, Celso Luis",2813.87,,,,,1431.31,1823.86,6069.04,84966.56,Ourense,M,,,,,,,x,,,,,
"Díez González, Rosa María",2813.87,,,,2667.5,1046.48,870.56,7398.41,103577.74,Madrid,F,x,,,,x,,,,,x,,
"Duran i Lleida, Josep Antoni",2813.87,,,,2667.5,1431.31,1823.86,8736.54,122311.56,Barcelona,M,,,,,x,,x,,,,,
"Durán Ramos, Eva",2813.87,,,,,1046.48,870.56,4730.91,66232.74,Madrid,F,x,,,,,,,x,,,,
"Echávarri Fernández, Gabriel",2813.87,,,,,1046.48,1823.86,5684.21,79578.94,Alicante,M,,,,,,,,x,x,,,
"Elorriaga Pisarik, Gabriel",2813.87,,,,,1431.31,870.56,5115.74,71620.36,Madrid,M,x,,,,,,x,,,,,
"Elorza González, Odón",2813.87,,,,,1046.48,1823.86,5684.21,79578.94,Gipuzkoa,M,,,,,,,,x,,,,
"Enbeita Maguregi, Onintza",2813.87,,,,,1046.48,1823.86,5684.21,79578.94,Bizkaia,F,,,,,,,,,,x,x,
"Errekondo Saltsamendi, Xabier Mikel",2813.87,,,,,1046.48,1823.86,5684.21,79578.94,Bizkaia,M,,,,,,,,,,x,,Portavoz Sustituto de la Junta de Portavoces
"Escobar Las Heras, Conrado",2813.87,,,,,1046.48,1823.86,5684.21,79578.94,La Rioja,M,,,,,,,,,,x,,
"Escudero Berzal, Beatriz Marta",2813.87,,,,,697.65,1823.86,5335.38,74695.32,Segovia,F,,,,,,,,,,,x,
"España Reina, Carolina",2813.87,,,,,1046.48,1823.86,5684.21,79578.94,Málaga,F,,,,,,,,,,x,,
"Esteban Bravo, Aitor)",2813.87,,,,,1046.48,1823.86,5684.21,79578.94,Bizkaia,M,,,,,x,,,,,x,,
"Esteller Ruedas, Mª Ángeles",2813.87,,,,,1046.48,1823.86,5684.21,79578.94,Barcelona,F,,,,,,,,x,,,,
"Esteve Ortega, Esperança",2813.87,,,,,1046.48,1823.86,5684.21,79578.94,Barcelona,F,,,,,,,,,,x,,
"Fabra Fernández, Andrea",2813.87,,,,,1046.48,1823.86,5684.21,79578.94,Castellón,F,,,,,,,,,,x,,
"Fajarnés Ribas, Enrique",2813.87,,,,,1046.48,1823.86,5684.21,79578.94,Illes Balears,M,,,,,,,,,,x,,
"Falcón Dacal, Maravillas Concepción",2813.87,,,,,"1,046.48",1823.86,"5,684.21",79578.94,Albacete,F,,,,,,,,x,,,,
"Fernández-Ahuja García, María de los Ángeles",2813.87,,,,,697.65,1823.86,5335.38,74695.32,Asturias,F,,,,,,,,,x,,,
"Fernández Álvarez, Alejandro",2813.87,,,,,"1,046.48",1823.86,"5,684.21",79578.94,Tarragona,M,,,,,,,,,,x,,
"Fernández Davila, Mª Olaia",2813.87,,,,,"1,046.48",1823.86,"5,684.21",79578.94,Pontevedra,F,,,,,,,,,,x,x,
"Fernández García, Eduardo",2813.87,,,,,"1,046.48",1823.86,"5,684.21",79578.94,León,M,,,,,,,,x,,,,
"Fernández Moya, Gracia",2813.87,,,,,"1,046.48",1823.86,"5,684.21",79578.94,Almería,F,,,,,,,,,x,,x,
"Ferrando Sendra, Amparo",2813.87,,,,,"1,046.48",1823.86,"5,684.21",79578.94,Alicante,F,,,,,,,,x,,,,
"Ferrer Roselló, Vicente",2813.87,,,,,"1,046.48",1823.86,"5,684.21",79578.94,Valencia,M,,,,,,,,,,x,,
"Figueres Górriz, María Ascensión",2813.87,,,,,"1,046.48",1823.86,"5,684.21",79578.94,Castellón,F,,,,,,,,,,,x,
"Flores Lanuza, Mario Francisco José",2813.87,,,,,"1,046.48",1823.86,"5,684.21",79578.94,Alicante,M,,,,,,,,x,,,,
"Floriano Corrales, Carlos Javier",2813.87,,,,,"1,046.48",1823.86,"5,684.21",79578.94,Cáceres,M,,,,,,,,x,,,,
"Franquis Vera, Sebastián",2813.87,,,,,"1,046.48",1823.86,"5,684.21",79578.94,Las Palmas,M,,,,,,,,,,x,,
"Fumero Roque, Águeda",2813.87,,,,,697.65,1823.86,5335.38,74695.32,Santa Cruz de Tenerife,F,,,,,,,,,x,,,
"Gallego Arriola, María del Puerto",2813.87,,,,,"1,046.48",1823.86,"5,684.21",79578.94,Cantabria,F,,,,,,,,,x,x,,
"Gallego Burgos, Antonio",2813.87,,,,,"1,046.48",1823.86,"5,684.21",79578.94,Barcelona,M,,,,,,,,,,x,,
"García Álvarez, María Caridad",2813.87,,,,,"1,046.48",870.56,"4,730.91",66232.74,Madrid,F,x,,,,,,,,,x,x,
"García Díez, Joaquín María",2813.87,,,,,"1,046.48",1823.86,"5,684.21",79578.94,Lugo,M,,,,,,,,,,x,,
"García Egea, Teodoro",2813.87,,,,,"1,046.48",1823.86,"5,684.21",79578.94,Murcia,M,,,,,,,,,,x,,
"García Gasulla, Guillem",2813.87,,,,,697.65,1823.86,"5,335.38",74695.32,Illes Balears,M,,,,,,,,,x,,,
"García Hernández, José Ramón",2813.87,,,,,"1,046.48",870.56,"4,730.91",66232.74,Madrid,M,x,,,,,,,x,,,,
"García Pérez, Pablo",2813.87,,,,,697.65,1823.86,"5,335.38",74695.32,Granada,M,,,,,,,,,,,x,
"García Sena, Teresa",2813.87,,,,,,1823.86,"4,637.73",64928.22,Valencia,F,,,,,,,,,x,,,
"García-Tizón López, Arturo",2813.87,,,,,"1,431.31",1823.86,"6,069.04",84966.56,Toledo,M,,,,,,,x,,,,,
"Garzón Espinosa, Alberto",2813.87,,,,,"1,046.48",1823.86,"5,684.21",79578.94,Málaga,M,,,,,,,,,,x,x,
"Gil Lázaro, Ignacio",2813.87,944.49,818.46,677.35,,697.65,1823.86,"7,775.68",108859.52,Valencia,M,,,,x,,,,,x,,,
"Girela de la Fuente, José Manuel",2813.87,,,,,697.65,1823.86,"5,335.38",74695.32,Sevilla,M,,,,,,,,,,,x,
"Gómez de la Serna y Villacieros, Pedro Ramón",2813.87,,,,,"1,431.31",1823.86,"6,069.04",84966.56,Segovia,M,,,,,,,,,,x,,
"Gómez Sánchez, Tomás Valeriano",2813.87,,,,,"1,046.48",870.56,"4,730.91",66232.74,Madrid,M,x,,,,,,,x,,,,
"González Cabaña, Francisco",2813.87,,,,,"1,046.48",1823.86,"5,684.21",79578.94,Cádiz,M,,,,,,,,,,x,x,
"González Gutiérrez, Concepción",2813.87,,,,,,1823.86,"4,637.73",64928.22,Cáceres,F,,,,,,,,,,,,
"González Muñoz, Ángel Luis",2813.87,,,,,697.65,1823.86,"5,335.38",74695.32,Málaga,M,,,,,,,,,,,x,
"González Ramos, Manuel Gabriel",2813.87,,,,,"1,046.48",1823.86,"5,684.21",79578.94,Albacete,M,,,,,,,,,x,x,,
"González Santín, María Luisa",2813.87,,,,,697.65,1823.86,"5,335.38",74695.32,León,F,,,,,,,,,x,,,
"González Vázquez, Marta",2813.87,,,,,"1,046.48",1823.86,"5,684.21",79578.94,A Coruña,F,,,,,,,,,,x,,
"González Vázquez, Sebastián",2813.87,,,,,"1,431.31",1823.86,"6,069.04",84966.56,Ávila,M,,,,,,,x,,,,,
"González Veracruz, María",2813.87,,,,,"1,046.48",1823.86,"5,684.21",79578.94,Murcia,F,,,,,,,,,,x,,
"Gordo Pérez, Juan Luis",2813.87,,,,,"1,046.48",1823.86,"5,684.21",79578.94,Segovia,M,,,,,,,,,,x,,
"Grande Pesquero, Pilar",2813.87,,,,,"1,046.48",1823.86,"5,684.21",79578.94,Las Palmas,F,,,,,,,,,,x,,
"Grau Reinés, Juan Carlos",2813.87,,,,,"1,046.48",1823.86,"5,684.21",79578.94,Illes Balears,M,,,,,,,,,,x,,
"Guaita Vañó, Inmaculada",2813.87,,,,,,1823.86,"4,637.73",64928.22,Valencia,F,,,,,,,,,,,,
"Guerra González, Alfonso",2813.87,,,,,"1,431.31",1823.86,"6,069.04",84966.56,Sevilla,M,,,,,,,x,,,,,
"Guillaumes i Ràfols, Feliu-Joan",2813.87,,,,,"1,046.48",1823.86,"5,684.21",79578.94,Barcelona,M,,,,,,,,,,x,x,
"Guillén Izquierdo, Vicente",2813.87,,,,,697.65,1823.86,"5,335.38",74695.32,Teruel,M,,,,,,,,,x,,x,
"Gutiérrez del Castillo, María Concepción",2813.87,,,,,,1823.86,"4,637.73",64928.22,Jaén,F,,,,,,,,x,,,,
"Gutiérrez Molina, Antonio",2813.87,,,,,"1,046.48",1823.86,"5,684.21",79578.94,Melilla,M,,,,,,,,x,,,,
"Heredia Díaz, Miguel Ángel",2813.87,0.00,0.00,0.00,2667.40,0.00,1823.86,7305.13,102271.82,Málaga,M,,,,,,,,,,,,Portavoz Sustituto de la Junta de Portavoces
"Heredia Martín, Silvia",2813.87,0.00,0.00,0.00,0.00,697.65,1823.86,5335.38,74695.32,Sevilla,F,,,,,,,,,x,,,
"Hernández Gutiérrez, Patricia",2813.87,0.00,0.00,0.00,0.00,697.65,1823.86,5335.38,74695.32,Santa Cruz de Tenerife,F,,,,,,,,,x,,x,
"Hernando Fraile, Rafael Antonio",2813.87,0.00,0.00,0.00,2667.40,0.00,1823.86,7305.13,102271.82,Almería,M,,,,,,,,,,,,Portavoz Sustituto de la Junta de Portavoces
"Hernando Vera, Antonio",2813.87,0.00,0.00,0.00,2667.40,0.00,870.56,6351.83,88925.62,Madrid,M,x,,,,x,,,,,,,
"Hernanz Costa, Sofía",2813.87,0.00,0.00,0.00,2667.40,0.00,1823.86,7305.13,102271.82,Illes Balears,F,,,,,,,,,,,,Portavoz Sustituto de la Junta de Portavoces
"Herrero Bono, José Alberto",2813.87,0.00,0.00,0.00,0.00,0.00,1823.86,4637.73,64928.22,Teruel,M,,,,,,,,,,,,
"Hoyo Juliá, Belén",2813.87,0.00,0.00,0.00,0.00,697.65,1823.86,5335.38,74695.32,Valencia,F,,,,,,,,,x,,,
"Hurtado Zurera, Antonio",2813.87,0.00,0.00,0.00,0.00,1046.48,1823.86,5684.21,79578.94,Córdoba,M,,,,,,,,,,,x,
"Ibáñez Gimeno, Manuel",2813.87,,,,,,1823.86,4637.73,64928.22,Castellón,M,,,,,,,,,,,,
"Iglesias Fontal, María Olga",2813.87,,,,,697.65,1823.86,5335.38,74695.32,Lugo,F,,,,,,,,,,,x,
"Iglesias Santiago, Leire",2813.87,,,,,1046.48,1823.86,5684.21,79578.94,Cáceres,F,,,,,,,,,,x,,
"Iñarritu García, Jon",2813.87,,,,,1046.48,1823.86,5684.21,79578.94,Bizkaia,M,,,,,,,,,,x,x,
"Jané i Guasch, Jordi",2813.87,1209.6,1010.83,707.1,,1046.48,1823.86,8611.74,120564.36,Tarragona,M,,,x,,,,,,,x,x,
"Jiménez Díaz, María Piedra Escrita",2813.87,,,,,,1823.86,4637.73,64928.22,Badajoz,F,,,,,,,,,,,,
"Jiménez García-Herrera, Trinidad",2813.87,,,,,1046.48,1823.86,5684.21,79578.94,Málaga,F,,,,,,,,,,x,,
"Jiménez Mínguez, Encarnación",2813.87,,,,,697.65,1823.86,5335.38,74695.32,Guadalajara,F,,,,,,,,,,,x,
"Jordà i Roura, Teresa",2813.87,,,,,1046.48,1823.86,5684.21,79578.94,Girona,F,,,,,,,,,,x,x,
"Juste Picón, María Belén",2813.87,,,,,1046.48,1823.86,5684.21,79578.94,Valencia,F,,,,,,,,x,,,,
"Lagares Flores, Juan Carlos","2,813.87",,,,,"1,046.48",1823.86,"5,684.21",79578.94,Huelva,M,,,,,,,,x,,,,
"Lago Martínez, María Paz","2,813.87",,,,,697.65,1823.86,"5,335.38",74695.32,Pontevedra,F,,,,,,,,,x,,,
"Landaluce Calleja, José Ignacio","2,813.87",,,,,"1,046.48",1823.86,"5,684.21",79578.94,Cádiz,M,,,,,,,,x,,,,
"Lara Carbó, María Teresa de","2,813.87",,,,,"1,046.48",870.56,"4,730.91",66232.74,Madrid,F,x,,,,,,,,,x,,
"Lara Moya, Cayo","2,813.87",,,,2667.5,,870.56,"6,351.93",88927.02,Madrid,M,x,,,,x,,,,,,,
"Larreina Valderrama, Rafael","2,813.87",,,,,"1,046.48",1823.86,"5,684.21",79578.94,Gipuzkoa,M,,,,,,,,,,x,x,
"Lavilla Martínez, Félix","2,813.87",,,,,697.65,1823.86,"5,335.38",74695.32,Soria,M,,,,,,,,,x,,,
"Llamazares Trigo, Gaspar","2,813.87",,,,,"1,431.31",1823.86,"6,069.04",84966.56,Asturias,M,,,,,,,x,,,x,x,Portavoz Sustituto de la Junta de Portavoces
"Llorens Torres, José Ignacio","2,813.87",,,,,"1,431.31",1823.86,"6,069.04",84966.56,Lleida,M,,,,,,,x,,,,,
"López-Amor García, Fernando","2,813.87",,,,,"1,046.48",1823.86,"5,684.21",79578.94,Córdoba,M,,,,,,,,x,,,,
"López Garrido, Diego","2,813.87",,,,,"1,046.48",870.56,"4,730.91",66232.74,Madrid,M,x,,,,,,,,,x,,
"López Garrido, José","2,813.87",,,,,697.65,1823.86,"5,335.38",74695.32,Alicante,M,,,,,,,,,,,x,
"López González, Rocío","2,813.87",,,,,697.65,1823.86,"5,335.38",74695.32,Toledo,F,,,,,,,,,,,x,
"López i Chamosa, María Isabel","2,813.87",,,,,"1,046.48",1823.86,"5,684.21",79578.94,Barcelona,F,,,,,,,,,x,x,,
"López Vilaboa, José Máximo","2,813.87",,,,,,1823.86,"4,637.73",64928.22,Burgos,M,,,,,,,,,,,,
"Lozano Domingo, Irene","2,813.87",,,,,"1,046.48",870.56,"4,730.91",66232.74,Madrid,F,x,,,,,,,,,x,,
"Lucio Carrasco, María Pilar","2,813.87",,,,,"1,046.48",1823.86,"5,684.21",79578.94,Cáceres,F,,,,,,,,,,x,,
"Luena López, César","2,813.87",,,,,"1,046.48",1823.86,"5,684.21",79578.94,La Rioja,M,,,,,,,,x,,,,
"Luis Rodríguez, Teófilo de","2,813.87",944.49,818.46,677.35,,697.65,870.56,"5,877.89",82290.46,Madrid,M,x,,,x,,,,,,,,
"Macias i Arau, Pere",2813.87,,,,2087.07,"1,431.31",1823.86,"8,156.11",114185.54,Barcelona,M,,,,,,,,,,,,
"Madina Muñoz, Eduardo",2813.87,,,,,"1,046.48",1823.86,"5,684.21",79578.94,Bizkaia,M,,,,,,,,,,,,
"Madrazo Díaz, Ana María",2813.87,,,,,"1,046.48",1823.86,"5,684.21",79578.94,Cantabria,F,,,,,,,,,,,,
"Marcos Domínguez, Pilar",2813.87,,,,,697.65,870.56,"4,382.08",61349.12,Madrid,F,,,,,,,,,,,,
"Mariscal Anaya, Guillermo",2813.87,,,,,"1,046.48",1823.86,"5,684.21",79578.94,Las Palmas,M,,,,,,,,,,,,
"Márquez de la Rubia, Francisco",2813.87,,,,,"1,046.48",1823.86,"5,684.21",79578.94,Ceuta,M,,,,,,,,,,,,
"Martínez Ferro, María Valentina",2813.87,,,,,,870.56,"3,684.43",51582.02,Madrid,F,,,,,,,,,,,,
"Martínez Gorriarán, Carlos",2813.87,,,,2087.07,"1,046.48",870.56,"6,817.98",95451.72,Madrid,M,,,,,,,,,,,,
"Martínez Olmos, José",2813.87,,,,,"1,046.48",1823.86,"5,684.21",79578.94,Granada,M,,,,,,,,,,,,
"Martínez-Pujalte López, Vicente",2813.87,,,,,"1,046.48",1823.86,"5,684.21",79578.94,Murcia,M,,,,,,,,,,,,
"Martínez Rodríguez, Santiago",2813.87,,,,,697.65,1823.86,"5,335.38",74695.32,Alicante,M,,,,,,,,,,,,
"Martínez Saiz, Teófila",2813.87,,,,,"1,046.48",1823.86,"5,684.21",79578.94,Cádiz,F,,,,,,,,,,,,
"Martín González, María Guadalupe",2813.87,,,,,697.65,1823.86,"5,335.38",74695.32,Toledo,F,,,,,,,,,,,,
"Martín González, Telmo",2813.87,,,,,"1,046.48",1823.86,"5,684.21",79578.94,Pontevedra,M,,,,,,,,,,,,
"Martín Peré, Pablo",2813.87,,,,,"1,046.48",1823.86,"5,684.21",79578.94,Illes Balears,M,,,,,,,,,,,,
"Martín Pozo, María Teresa",2813.87,,,,,697.65,1823.86,"5,335.38",74695.32,Zamora,F,,,,,,,,,,,,
"Martín Rodríguez, Enrique Luis",2813.87,,,,,697.65,1823.86,"5,335.38",74695.32,Palencia,M,,,,,,,,,,,,
"Martín-Toledano Suárez, José Alberto",2813.87,,,,,697.65,1823.86,"5,335.38",74695.32,Ciudad Real,M,,,,,,,,,,,,
"Matarí Sáez, Juan José",2813.87,,,,,"1,046.48",1823.86,"5,684.21",79578.94,Almería,M,,,,,,,,,,,,
"Matos Mascareño, Pablo",2813.87,,,,,"1,431.31",1823.86,"6,069.04",84966.56,Santa Cruz de Tenerife,M,,,,,,,,,,,,
"Meijón Couselo, Guillermo Antonio",2813.87,,,,,697.65,1823.86,"5,335.38",74695.32,Pontevedra,M,,,,,,,,,,,,
"Méndez Monasterio, Lourdes",2813.87,,,,,"1,431.31",1823.86,"6,069.04",84966.56,Murcia,F,,,,,,,,,,,,
"Merino López, Rafael",2813.87,,,,,,1823.86,"4,637.73",64928.22,Córdoba,M,,,,,,,,,,,,
"Micheo Carrillo-Albornoz, Julia de",2813.87,,,,,"1,046.48",1823.86,"5,684.21",79578.94,Alicante,F,,,,,,,,,,,,
"Miguélez Pariente, María Aránzazu",2813.87,,,,,1046.48,1823.86,5684.21,79578.94,León,F,,,,,,,,,,,,
"Mingo Zapatero, Mario",2813.87,,,,,1431.31,870.56,5115.74,71620.36,Madrid,M,,,,,,,,,,,,
"Molinero Hoyos, Francisco",2813.87,,,,,697.65,1823.86,5335.38,74695.32,Albacete,M,,,,,,,,,,,,
"Moneo Díez, María Sandra",2813.87,,,,,1046.48,1823.86,5684.21,79578.94,Burgos,F,,,,,,,,,,,,
"Monteserín Rodríguez, María Virtudes",2813.87,,,,,1046.48,1823.86,5684.21,79578.94,Asturias,F,,,,,,,,,,,,
"Montesinos de Miguel, Macarena",2813.87,,,,,1046.48,1823.86,5684.21,79578.94,Alicante,F,,,,,,,,,,,,
"Montón Giménez, Carmen",2813.87,,,,,1046.48,1823.86,5684.21,79578.94,Valencia,F,,,,,,,,,,,,
"Montserrat Montserrat, Dolors",2813.87,1209.6,1010.83,707.1,,1046.48,1823.86,8611.74,120564.36,Barcelona,F,,,,,,,,,,,,
"Mora Bernat, Manuel",2813.87,,,,,697.65,1823.86,5335.38,74695.32,Huesca,M,,,,,,,,,,,,
"Moragas Sánchez, Jorge",2813.87,,,,,0,1823.86,4637.73,64928.22,Barcelona,M,,,,,,,,,,,,
"Moraleja Gómez, Tristana María",2813.87,,,,,1046.48,1823.86,5684.21,79578.94,A Coruña,F,,,,,,,,,,,,
"Moreno Bustos, Ramón",2813.87,,,,,1046.48,1823.86,5684.21,79578.94,Zaragoza,M,,,,,,,,,,,,
"Moreno Felipe, Irene",2813.87,,,,,0,1823.86,4637.73,64928.22,Albacete,F,,,,,,,,,,,,
"Moreno Palanques, Rubén",2813.87,,,,,1046.48,1823.86,5684.21,79578.94,Valencia,M,,,,,,,,,,,,
"Morlán Gracia, Víctor",2813.87,0,0,0,0,1046.48,1823.26,5683.61,79570.54,Huesca,M,,,,,,,,,,,,
"Moro Almaraz, María Jesús",2813.87,0,0,0,0,1046.48,1823.26,5683.61,79570.54,Salamanca,F,,,,,,,,,,,,
"Moscoso del Prado Hernández, Juan",2813.87,0,0,0,0,1046.48,1823.26,5683.61,79570.54,Navarra,M,,,,,,,,,,,,
"Muñoz González, Pedro José",2813.87,0,0,0,0,1046.48,1823.26,5683.61,79570.54,Ávila,M,,,,,,,,,,,,
"Muñoz Obón, Carlos Enrique",2813.87,0,0,0,0,697.65,1823.26,5334.78,74686.92,Teruel,M,,,,,,,,,,,,
"Muñoz Santamaría, Lourdes",2813.87,0,0,0,0,697.65,1823.26,5334.78,74686.92,Barcelona,F,,,,,,,,,,,,
"Nasarre Goicoechea, Eugenio",2813.87,,,,,"1,046.48",1823.86,"5,684.21",79578.94,Granada,M,,,,,,,,,,,,
"Navarro Cruz, María del Carmen",2813.87,,,,,"1,046.48",1823.86,"5,684.21",79578.94,Almería,F,,,,,,,,,,,,
"Nuet Pujals, Joan Josep",2813.87,,,,2087.07,"1,046.48",1823.86,"7,771.28",108797.92,Barcelona,M,,,,,,,,,,,,
"Olabarría Muñoz, Emilio)",2813.87,,,,,1431.31,1823.86,6069.04,84966.56,Álava,M,,,,,,,,,,,,
"Olano Vela, Jaime Eduardo de",2813.87,,,,,697.65,1823.86,5335.38,74695.32,Lugo,M,,,,,,,,,,,,
"Oramas González-Moro, Ana María",2813.87,,,,,1046.48,1823.86,5684.21,79578.94,Santa Cruz de Tenerife,F,,,,,,,,,,,,
"Ordóñez Puime, Gonzalo José",2813.87,,,,,0,1823.86,4637.73,64928.22,Pontevedra,M,,,,,,,,,,,,
"Ortiz Castellví, Laia",2813.87,,,,,1046.48,1823.86,5684.21,79578.94,Barcelona,F,,,,,,,,,,,,
"Pacheco Atienza, Arsenio","2,813.87",,,,,697.65,1823.86,"5,335.38",74695.32,Murcia,M,,,,,,,,,,,,
"Pàramo i Ponsetí, Carles","2,813.87",,,,,"1,046.48",1823.86,"5,684.21",79578.94,Girona,M,,,,,,,,,,,,
"Pastor González, Ildefonso R.","2,813.87",,,,,697.65,1823.86,"5,335.38",74695.32,Valladolid,M,,,,,,,,,,,,
"Pérez Domínguez, María Soledad","2,813.87",,,,,"1,046.48",1823.86,"5,684.21",79578.94,Badajoz,F,,,,,,,,,,,,
"Pérez Fernández, Rosana","2,813.87",,,,,"1,046.48",1823.86,"5,684.21",79578.94,A Coruña,F,,,,,,,,,,,,
"Pérez Herraiz, Margarita","2,813.87",,,,,697.65,1823.86,"5,335.38",74695.32,Lugo,F,,,,,,,,,,,,
"Pérez-Hickman Silván, Mariano","2,813.87",,,,,697.65,870.56,"4,382.08",61349.12,Madrid,M,,,,,,,,,,,,
"Pérez Insua, Antonio","2,813.87",,,,,697.65,1823.86,"5,335.38",74695.32,A Coruña,M,,,,,,,,,,,,
"Pérez Lapazarán, José Cruz","2,813.87",,,,,"1,046.48",1823.86,"5,684.21",79578.94,Navarra,M,,,,,,,,,,,,
"Pezzi Cereto, Manuel","2,813.87",,,,,"1,046.48",1823.86,"5,684.21",79578.94,Granada,M,,,,,,,,,,,,
"Picó i Azanza, Antoni","2,813.87",,,,,"1,046.48",1823.86,"5,684.21",79578.94,Barcelona,M,,,,,,,,,,,,
"Posada Moreno, Jesús","2,813.87","3,064.57","3,327.89","2,728.57",,,1823.86,"10,694.19",149718.66,Soria,M,,,,,,,,,,,,
"Pozuelo Meño, María Isabel","2,813.87",,,,,,1823.86,"4,637.73",64928.22,Sevilla,F,,,,,,,,,,,,
"Prada Presa, Alfredo","2,813.87",,,,,"1,431.31",1823.86,"6,069.04",84966.56,León,M,,,,,,,,,,,,
"Pradas Torres, Antonio Francisco","2,813.87",,,,,"1,046.48",1823.86,"5,684.21",79578.94,Sevilla,M,,,,,,,,,,,,
"Puche Rodríguez-Acosta, Gabino","2,813.87",,,,,"1,431.31",1823.86,"6,069.04",84966.56,Jaén,M,,,,,,,,,,,,
"Puente Redondo, Javier","2,813.87",,,,,697.65,1823.86,"5,335.38",74695.32,Cantabria,M,,,,,,,,,,,,
"Puig Ferrer, Joaquín Francisco","2,813.87",,,,,,1823.86,"4,637.73",64928.22,Castellón,M,,,,,,,,,,,,
"Puyuelo del Val, María Blanca","2,813.87",,,,,697.65,1823.86,"5,335.38",74695.32,Huesca,F,,,,,,,,,,,,
"Quevedo Iturbe, Pedro",2813.87,,,,,"1,046.48",1823.86,"5,684.21",79578.94,Las Palmas,M,,,,,,,,,,,,
"Quintanilla Barba, María del Carmen",2813.87,,,,,"1,431.31",1823.86,"6,069.04",84966.56,Ciudad Real,F,,,,,,,,,,,,
"Ramis Socias, Miquel",2813.87,,,,,"1,431.31",1823.86,"6,069.04",84966.56,Illes Balears,M,,,,,,,,,,,,
"Ramón Utrabo, Elvira",2813.87,,,,,697.65,1823.86,5335.38,74695.32,Granada,F,,,,,,,,,,,,
"Rangel Tarrés, Joan",2813.87,,,,,"1,046.48",1823.86,"5,684.21",79578.94,Barcelona,M,,,,,,,,,,,,
"Riera i Reñé, Inmaculada",2813.87,,,,,"1,046.48",1823.86,"5,684.21",79578.94,Barcelona,F,,,,,,,,,,,,
"Rocha Rubí, Manuel de la",2813.87,,,,,697.65,870.56,4382.08,61349.12,Madrid,M,,,,,,,,,,,,
"Rodríguez Barahona, María Teresa",2813.87,,,,,697.65,1823.86,5335.38,74695.32,Álava,F,,,,,,,,,,,,
"Rodríguez Flores, María Carmen",2813.87,,,,,,870.56,3684.43,51582.02,Madrid,F,,,,,,,,,,,,
"Rodríguez García, Isabel",2813.87,,,,2087.07,697.65,1823.86,7422.45,103914.3,Ciudad Real,F,,,,,,,,,,,,
"Rodríguez Maniega, María del Carmen",2813.87,,,,,"1,046.48",1823.86,"5,684.21",79578.94,Asturias,F,,,,,,,,,,,,
"Rodríguez Ramírez, María José",2813.87,,,,,697.65,1823.86,5335.38,74695.32,Huelva,F,,,,,,,,,,,,
"Rodríguez Ramos, María Soraya",2813.87,,,,,"1,046.48",1823.86,"5,684.21",79578.94,Valladolid,F,,,,,,,,,,,,
"Rodríguez-Salmones Cabeza, Beatriz",2813.87,,,,2087.07,,870.56,5771.5,80801,Madrid,F,,,,,,,,,,,,
"Rodríguez Sánchez, Germán",2813.87,,,,,"1,046.48",1823.86,"5,684.21",79578.94,Barcelona,M,,,,,,,,,,,,
"Rodríguez Sánchez, María Felicidad",2813.87,,,,,697.65,1823.86,5335.38,74695.32,Cádiz,F,,,,,,,,,,,,
"Rodríguez Vázquez, María Paloma",2813.87,,,,,697.65,1823.86,5335.38,74695.32,A Coruña,F,,,,,,,,,,,,
"Román Jasanada, Antonio",2813.87,,,,,"1,046.48",1823.86,"5,684.21",79578.94,Guadalajara,M,,,,,,,,,,,,
"Romero Girón, Aurelio",2813.87,,,,,"1,431.31",1823.86,"6,069.04",84966.56,Cádiz,M,,,,,,,,,,,,
"Romero Hernández, Carmelo",2813.87,,,,,697.65,1823.86,5335.38,74695.32,Huelva,M,,,,,,,,,,,,
"Romero Rodríguez, María Eugenia",2813.87,,,,,697.65,1823.86,5335.38,74695.32,Sevilla,F,,,,,,,,,,,,
"Romero Sánchez, Rosa María",2813.87,,,,,"1,046.48",1823.86,"5,684.21",79578.94,Ciudad Real,F,,,,,,,,,,,,
"Rominguera Salazar, María del Mar",2813.87,,,,,,1823.86,4637.73,64928.22,Zamora,F,,,,,,,,,,,,
"Ros Martínez, Susana",2813.87,,,,,697.65,1823.86,5335.38,74695.32,Castellón,F,,,,,,,,,,,,
"Ruano Gómez, Juan de Dios",2813.87,,,,,"1,046.48",1823.86,"5,684.21",79578.94,A Coruña,M,,,,,,,,,,,,
"Ruiz i Carbonell, Joan",2813.87,,,,,697.65,1823.86,5335.38,74695.32,Tarragona,M,,,,,,,,,,,,
"Ruiz Llamas, Román",2813.87,,,,,"1,046.48",1823.86,"5,684.21",79578.94,Barcelona,M,,,,,,,,,,,,
"Rumí Ibáñez, María Consuelo",2813.87,,,,,"1,046.48",1823.86,"5,684.21",79578.94,Almería,F,,,,,,,,,,,,
"Sáez Jubero, Àlex",2813.87,,,,,697.65,1823.86,5335.38,74695.32,Girona,M,,,,,,,,,,,,
"Sahuquillo García, Luis Carlos",2813.87,,,,,697.65,1823.86,5335.38,74695.32,Cuenca,M,,,,,,,,,,,,
"Salvador Armendáriz, Carlos Casimiro",2813.87,,,,,1046.48,1823.86,5684.21,79578.94,Navarra,M,,,,,,,,,,,,
"Sánchez Amor, José Ignacio",2813.87,,,,,697.65,1823.86,5335.38,74695.32,Badajoz,M,,,,,,,,,,,,
"Sánchez Barrera, José Juan",2813.87,,,,,0,1823.86,4637.73,64928.22,Jaén,M,,,,,,,,,,,,
"Sánchez de Alcázar Ocaña, Miguel",2813.87,,,,,697.65,1823.86,5335.38,74695.32,Jaén,M,,,,,,,,,,,,
"Sánchez Díaz, María Carmen",2813.87,,,,,1046.48,1823.86,5684.21,79578.94,Cádiz,F,,,,,,,,,,,,
"Sánchez Díaz, Ovidio",2813.87,,,,,1431.31,1823.86,6069.04,84966.56,Asturias,M,,,,,,,,,,,,
"Sánchez García, Celinda",2813.87,,,,,1046.48,1823.86,5684.21,79578.94,Palencia,F,,,,,,,,,,,,
"Sánchez i Llibre, Josep",2813.87,,,,,1046.48,1823.86,5684.21,79578.94,Barcelona,M,,,,,,,,,,,,
"Sánchez Pérez-Castejón, Pedro",2813.87,,,,,0,870.56,3684.43,51582.02,Madrid,M,,,,,,,,,,,,
"Sánchez Robles, Isabel)",2813.87,,,,,1046.48,1823.86,5684.21,79578.94,Bizkaia,F,,,,,,,,,,,,
"Santa Ana Fernández, María de la Concepción de",2813.87,,,,,697.65,1823.86,5335.38,74695.32,Granada,F,,,,,,,,,,,,
"Sanz Remón, Álvaro",2813.87,,,,,1046.48,1823.86,5684.21,79578.94,Zaragoza,M,,,,,,,,,,,,
"Saura García, Pedro",2813.87,,,,,1046.48,1823.86,5684.21,79578.94,Murcia,M,,,,,,,,,,,,
"Sayós i Motilla, Maria Carme",2813.87,,,,,1046.48,1823.86,5684.21,79578.94,Barcelona,F,,,,,,,,,,,,
"Seara Sobrado, Laura Carmen",2813.87,,,,,1046.48,1823.86,5684.21,79578.94,Ourense,F,,,,,,,,,,,,
"Segura Clavell, José",2813.87,,,,,1046.48,1823.86,5684.21,79578.94,Santa Cruz de Tenerife,M,,,,,,,,,,,,
"Serrano Argüello, María Arenales",2813.87,,,,,1046.48,1823.86,5684.21,79578.94,Valladolid,F,,,,,,,,,,,,
"Serrano Calurano, Bibiano",2813.87,,,,,697.65,1823.86,5335.38,74695.32,Badajoz,M,,,,,,,,,,,,
"Serrano Coronado, Daniel",2813.87,,,,,1046.48,1823.86,5684.21,79578.94,Barcelona,M,,,,,,,,,,,,
"Serrano Martínez, José Enrique",2813.87,,,,,1046.48,870.56,4730.91,66232.74,Madrid,M,,,,,,,,,,,,
"Sicilia Alférez, Felipe Jesús",2813.87,,,,,697.65,1823.86,5335.38,74695.32,Jaén,M,,,,,,,,,,,,
"Silva Rego, María del Carmen",2813.87,,,,,697.65,1823.86,5335.38,74695.32,Pontevedra,F,,,,,,,,,,,,
"Simancas Simancas, Rafael",2813.87,0.00,0.00,0.00,0.00,1046.48,870.56,4730.91,66232.74,Madrid,M,,,,,,,,,,,,
"Sixto Iglesias, Ricardo",2813.87,0.00,0.00,0.00,0.00,1046.48,1823.86,5684.21,79578.94,Valencia,M,,,,,,,,,,,,
"Solsona Aixalà, Marc",2813.87,0.00,0.00,0.00,0.00,1046.48,1823.86,5684.21,79578.94,Lleida,M,,,,,,,,,,,,
"Suárez-Bárcena Blasco, María Cristina",2813.87,0.00,0.00,0.00,0.00,0.00,1823.86,4637.73,64928.22,Badajoz,F,,,,,,,,,,,,
"Suárez Lamata, Eloy",2813.87,0.00,0.00,0.00,0.00,1046.48,1823.86,5684.21,79578.94,Zaragoza,M,,,,,,,,,,,,
"Such Botella, Antoni",2813.87,0.00,0.00,0.00,0.00,697.65,1823.86,5335.38,74695.32,Valencia,M,,,,,,,,,,,,
"Sumelzo Jordán, Susana",2813.87,0.00,0.00,0.00,0.00,1046.48,1823.86,5684.21,79578.94,Zaragoza,F,,,,,,,,,,,,
"Surroca i Comas, Montserrat",2813.87,0.00,0.00,0.00,0.00,1046.48,1823.86,5684.21,79578.94,Girona,F,,,,,,,,,,,,
"Susinos Tarrero, María Jesús",2813.87,0.00,0.00,0.00,0.00,697.65,1823.86,5335.38,74695.32,Cantabria,F,,,,,,,,,,,,
"Tardà i Coma, Joan",2813.87,0,0,0,0,1046.48,1823.26,5683.61,79570.54,Barcelona,M,,,,,,,,,,,,
"Tarno Blanco, Ricardo",2813.87,0,0,0,0,1431.31,1823.26,6068.44,84958.16,Sevilla,M,,,,,,,,,,,,
"Tarruella Tomás, María Concepció",2813.87,0,0,0,0,1046.48,1823.26,5683.61,79570.54,Lleida,F,,,,,,,,,,,,
"Torrado de Castro, Marta",2813.87,0,0,0,2667.5,0,1823.26,7304.63,102264.82,Valencia,F,,,,,,,,,,,,
"Torres Herrera, Manuel Luis",2813.87,0,0,0,0,697.65,1823.26,5334.78,74686.92,Santa Cruz de Tenerife,M,,,,,,,,,,,,
"Torres Mora, José Andrés",2813.87,0,0,0,0,1046.48,1823.26,5683.61,79570.54,Málaga,M,,,,,,,,,,,,
"Trevín Lombán, Antonio Ramón María",2813.87,0,0,0,0,1046.48,1823.26,5683.61,79570.54,Asturias,M,,,,,,,,,,,,
"Tudanca Fernández, Luis",2813.87,0,0,0,0,697.65,1823.26,5334.78,74686.92,Burgos,M,,,,,,,,,,,,
"Urbina Fernández, Iker",2813.87,,,,,"1,046.48",1823.26,"5,683.61",79570.54,Álava,M,,,,,,,,,,,,
"Uriarte Ayala, Ignacio",2813.87,,,,,697.65,1823.26,"5,334.78",74686.92,Valencia,M,,,,,,,,,,,,
"Valerio Cordero, Magdalena","2,813.87",0,0,0,"2,667.50",0,"1,823.86","7,305.23",102273.22,Guadalajara,F,,,,,,,,,,,,
"Vallès Vives, Francesc","2,813.87",0,0,0,"2,667.50",0,"1,823.86","7,305.23",102273.22,Tarragona,M,,,,,,,,,,,,
"Vañó Ferre, Francisco","2,813.87",0,0,0,0,"1,046.48","1,823.86","5,684.21",79578.94,Toledo,M,,,,,,,,,,,,
"Varela Lema, Margarita","2,813.87",,,,,0.00,"1,823.86","4,637.73",64928.22,A Coruña,F,,,,,,,,,,,,
"Vázquez Blanco, Ana Belén","2,813.87",0,0,0,0,"1,046.48","1,823.86","5,684.21",79578.94,Ourense,F,,,,,,,,,,,,
"Vázquez Jiménez, Antonio","2,813.87",0,0,0,0,"1,046.48","1,823.86","5,684.21",79578.94,Zamora,M,,,,,,,,,,,,
"Vázquez Morillo, María José","2,813.87",0,0,0,0,697.65,"1,823.86","5,335.38",74695.32,Sevilla,F,,,,,,,,,,,,
"Vera Pró, Juan Carlos","2,813.87",0,0,0,0,"1,046.48",870.56,"4,730.91",66232.74,Madrid,M,,,,,,,,,,,,
"Veray Cama, Concepció","2,813.87",0,0,0,0,697.65,"1,823.86","5,335.38",74695.32,Girona,F,,,,,,,,,,,,
"Viera Chacón, José Antonio","2,813.87",0,0,0,0,"1,046.48","1,823.86","5,684.21",79578.94,Sevilla,M,,,,,,,,,,,,
"Villalobos Talero, Celia","2,813.87","1,209.60","1,010.83",707.1,0.00,"1,046.48","1,823.86","8,611.74",120564.36,Málaga,F,,,,,,,,,,,,
"Villanova Rueda, Joaquín","2,813.87",0,,0,0,697.65,"1,823.86","5,335.38",74695.32,Málaga,M,,,,,,,,,,,,
"Villarrubia Mediavilla, Julio","2,813.87",0,0,0,0,"1,046.48","1,823.86","5,684.21",79578.94,Palencia,M,,,,,,,,,,,,
"Xuclà i Costa, Jordi",2813.87,0.00,0.00,0.00,0.00,1046.48,1823.86,5684.21,79578.94,Girona,M,,,,,,,,,,,,
"Zaragoza Alonso, José","2,813.87",0,,0,0,697.65,"1,823.86","5,335.38",74695.32,Barcelona,M,,,,,,,,,,,,
"Zarrías Arévalo, Gaspar Carlos","2,813.87",,0,0,0,"1,046.48","1,823.86","5,684.21",79578.94,Jaén,M,,,,,,,,,,,,
